1,737.462,516.438,621.667,436,916.885,1247.5,604.25,405.531,672.333,1058.111,528.111,1388.75,310.75,1174.812,298.25,279.25,271.438,243.444,170.312,481.875,475.938,313.062,1963.111,791.812,661.833,775.333,791.615,494.125
2,790.731,595.312,679.083,392.75,899.923,1262,554.75,340.844,737.833,970.667,607.889,1416.875,287,1014.438,246.333,235.75,304.625,190.111,222.938,542.375,515.938,329.938,1815.444,813.062,510.833,771.917,816.154,610.625
3,831.885,653.438,613.25,502.25,934.115,1081.231,638.75,435.125,760.833,948,742.444,1543.5,272.188,1006.312,316.5,340.5,328.062,229.444,183.812,465.25,591,253.25,1793.444,699.812,639.333,804.333,806.462,627.625
4,781.538,576,736,439.833,937.654,1156.731,631.125,389.062,831.083,954.222,535.333,1380.125,304.312,1029.875,228.667,219.125,316.438,222.778,197.25,403.25,587.188,331.812,1898.556,694.875,644.25,706.417,898.308,613.25
5,770,618.562,597.25,404.25,952.115,1090.731,723.25,387.969,774.75,921.556,505.556,1300.75,250.188,1012.375,327.917,242,275.125,181.667,254.75,500,496.062,393.5,1943.333,709.625,591.25,846.167,770.154,486.375
6,709.308,685.562,532.917,411.917,929.308,1183.692,746.5,436.25,688.5,909.556,577.778,1254.375,244.062,1002.438,240.333,256.875,284.625,255.111,240.312,692.875,569.938,366.5,1941,714.312,763.833,801,827.077,900.625
7,778.962,664.188,519.75,518.833,842.923,1157.269,713.375,416.969,589.917,1023.222,656.778,1707,323.562,1100.938,310.583,322.625,317.625,263.778,243.812,499.625,601.75,327.312,1869.222,803.25,654.583,765.917,802.731,726.25
8,883.077,716.562,531.5,435.417,968.115,1122.077,545.625,424.031,735.917,945.444,571.222,1625.125,312.25,1086.812,338.75,122.75,348.875,215.778,247.5,366.5,539.5,290.625,1983.333,712.938,638.833,891.25,869.615,820.75
9,769.308,664.5,506.333,479.083,898.538,1256.038,831.375,397.375,798.5,905.889,773,1404.5,266.75,1295.812,303.167,353.75,401.188,234.556,190.312,483.875,545.938,358,1834.222,816.688,711.583,731.833,824.692,653.5
10,760.192,688,494.083,482,981.154,1104.308,544.25,397.438,688.25,919.444,737.556,1369,275.688,1153.875,318.167,253.75,300.5,194.667,220.312,494.625,508.562,321.25,2028,736.25,685.25,759.833,812.154,685.625
11,829.308,557.688,674.833,519.083,992.038,1233.308,499,390.094,572.25,912.444,627.889,1398.75,221.438,1122.125,326.25,272.375,292.312,293.333,312.625,552.5,556.312,297.562,1801.667,740.438,743.167,714.833,818.154,621.875
12,822.654,698.188,680.167,496.667,875.423,1062.462,687.125,399.062,683,800,611.778,1390.25,289.812,1221.875,358.833,291.875,364.062,227.667,288.5,472,467.562,281.562,1734,679.312,712.5,1070.333,835.385,719.125
13,823.192,718.875,672.333,363,1043.115,1100.038,418,397.562,619.583,1052.222,650.222,1426.375,234.5,1082.062,319.083,219.5,242.438,318.778,204.938,451.125,425.812,267.125,1866.222,764.938,883.75,914,794.038,634.125
14,793,545.438,623.5,458.333,927.885,1257.846,660,414.125,764.583,896.556,508.667,1452.625,310.625,1348.062,382,307.875,332,180.889,263.312,488.75,465.375,396.125,1905.667,721.5,857,882,762.5,639.625
15,897.038,702.812,565.5,413.75,821.423,1071.923,653.875,393.875,658.5,838,592.889,1193.125,345.938,1091.125,238.917,237,318.25,222.778,282.875,463.75,570.312,325.75,2044.333,755.688,767.167,875.583,846.538,624.25
16,860.077,615.812,513.833,419.667,970.115,1215.615,754.5,413,765,1104.444,516.778,1408.625,341.688,1229.812,291.417,215.5,324,196.556,296.875,580.25,646.125,280.25,1779.111,704.938,591,988.75,713.077,590.625
17,814.192,688.375,599.667,509.167,1009,1065.269,511,395.281,604.167,981.222,516.111,1578.125,267.625,1333.5,321.417,278.75,325.562,217.444,263.188,603.875,613.25,264.875,2031.889,706.5,743.5,786.75,951.269,664.25
18,756.038,550.938,509.083,525.167,1031.038,1188.077,621.625,403.062,762,925,677.222,1284.5,201.938,1248.312,331.583,182.5,317.688,193.222,316.625,579.5,517.312,347.5,1804.444,613.688,901.333,986,776.615,727.625
19,775.231,684.375,547.75,571.917,973.154,1127.846,638.5,452.375,818.5,995.667,712.667,1737.25,367.5,1067.812,339.583,228.5,321.875,293.333,271.625,651,511.125,246.812,1698.222,765.375,865.417,832.25,909.538,867.375
20,898.692,632.062,656.25,491,1006.346,1163.154,687.625,367.25,744.25,993.889,786.444,1529.625,291.562,1229.188,289.917,298,345.938,203.333,253.875,498.125,586.312,378.875,1907.111,743.562,649.5,839.083,804.885,791.625
21,859.5,577.875,552.417,537.167,865.846,1150.692,697.75,406.406,610.75,1029.889,592.444,1438.375,262,1287.812,315.417,259.625,288.375,228,282.25,464.25,633.062,353.562,2053.556,717.438,751.167,946.75,848.423,532.75
22,818.962,629.688,484.167,496.083,1023.692,1136.346,478.875,436.594,797,980,672,1528.875,373,1206.688,327.833,219.75,298.375,252.222,240.625,498.5,1026.25,329.688,1661.556,736.5,714.083,862.833,806,673.625
23,829,539.625,447.25,450.75,999.846,1182.808,728.625,484.188,709.083,1062,758.444,1247.25,274.625,1285.875,297.5,278.375,374.75,325.111,228.062,495.875,2496.875,356.5,1662.556,641.75,591.583,815.25,805.654,697.875
24,883.346,604.062,602.75,436.167,830.077,1169.038,544.625,424.406,808.667,857.778,728.111,1424.75,313.5,1239.625,276,337.25,276.75,147.667,222.812,604.375,2438.75,341.812,1969,748.312,788.333,828.917,868.962,727.125
25,937.5,610.562,553.583,498.167,1026.962,1215.5,605.375,423.406,654.667,1074.444,666.556,1329.125,322.312,1098.188,292.25,283.5,373.938,322.444,247.625,575.25,2376,373.188,2054.889,745.312,583.833,831.083,866.231,625.875
26,918.5,599.312,615,524.333,923.538,1155.346,610.125,378.562,699.833,931.889,640.444,1454.75,323.125,1110.75,256.167,178.625,422.562,237.667,211.312,630.625,1852.562,362.812,2105.556,709.625,783.417,904.25,832.5,602.75
27,877.808,675.312,634.5,410.917,1053.769,1288,653.375,448.219,825.667,935.778,538.889,1426,266.312,1237.562,331.25,256,304.812,150.889,280.438,508.875,1652.438,365.375,1947.111,702.562,690,821.917,810.615,752.125
28,868.5,586.062,600.167,471.583,970.654,1112.615,586.875,364,641.75,802.556,757.333,1347.625,297,1123.75,298.417,273.125,367.875,231,273.938,513.375,1517.375,279.062,1928.667,724.25,556.333,782.667,858.731,639.875
29,745.731,586.062,574.167,416.083,908.692,1237.077,736,358.219,721.333,1028.778,743.778,1601,305.625,1103.812,336.583,256.125,281.062,215.111,255.25,673.625,1414.062,362.5,1872,683.25,672.417,965.417,763.769,711.625
30,827.808,612.812,590.917,610.917,946.538,1113.962,762.5,351.25,667.417,1055.111,602.111,1656,256.812,1176.188,257.833,257.625,383.438,252.667,233.062,621.25,1296.812,417.438,2056.444,836.75,627.667,812.917,834.885,602.875
31,735.308,651.75,649.167,487.417,902.115,1155.192,708.375,375.5,840.167,909.778,624,1348.875,297.375,1250.875,222.75,231.125,364.688,181.444,202.875,601,1158,380.875,1958.222,681.188,865,896.25,672.462,706.875
32,858.385,603.312,684.75,493.167,939.385,1223.038,686,416.312,708.75,952.778,642.222,1857.625,296,1250.438,254.083,206.625,283.125,261.444,276.688,610.5,1240.375,406.375,1907.444,842.25,747.75,936.583,694.346,780.625
33,776.115,609.562,443.667,441.5,952.577,1124.615,615.75,451.125,922.167,1033.111,774,1618.75,334,1181.625,289.5,245.5,282.312,234.333,238.375,489.875,1153.5,500.875,1835,845.688,842.833,1089.25,860.346,534.25
34,888.615,693.75,461.667,511.75,905.192,1224.615,578.125,432.062,943,1167,592.778,1610.625,301.5,1264.188,324.417,193.125,350.312,231.333,249.062,485,1132.688,430,2046.667,767.75,783.583,872.833,833.423,676.375
35,746,616.125,559,484.75,1060,1188.654,777.375,482.719,1179.667,1030.889,633,1567.375,192.812,1143.812,363.917,276.25,314.375,272.444,220.062,511.375,1045.688,419.875,1932,815.625,891.75,720.833,688.115,630.125
36,799.231,608.312,641.583,471.583,1036.346,1059.192,705.125,347.594,1635.583,988.778,808.444,1483.5,265.562,981.188,345.25,289.5,239.938,209.667,222.438,631,1256.375,329.312,1765.222,710.75,879.833,783.25,812.654,806.625
37,772.885,663,566.333,437.167,1193.154,1230.692,490.5,333.5,3921.417,985.111,663,1598.5,266.25,1387.062,349.5,238.75,298.875,317.667,287.062,547.625,1158.688,395.5,1932.556,825.938,824,811.917,697.538,650.125
38,755.577,600.938,701.5,522.5,957.038,1044.846,712.25,423.594,3175,981.111,575.889,1725.125,335.938,1426.938,248,197,354.125,312.222,199.062,452.625,985.875,338.062,1924.444,668.5,742.833,865.833,821.462,814.875
39,788.038,598.125,536.5,540.25,906.654,1157.577,814.875,433.844,2646,1029.667,653.889,1581.125,244.188,2002.25,256.833,379.625,284.688,244.222,259,430.875,978.938,320,2088.778,748.562,839,849,924.962,644.375
40,734,619.938,645.25,481.75,1033.038,1305.923,804.625,356.844,2028.083,834.222,653,1535.625,350.375,3500,239,290.375,312.188,204.556,240.688,420.25,742.938,317.875,1970.889,681.75,750.75,751.5,736.346,653.125
41,800.154,647.25,572.5,543.083,973.269,1396.346,670.875,383.438,1159.5,971.889,784.667,1898.625,322.125,4095,294.75,251.5,344.938,292.444,234.438,557.625,781.688,300.062,2065.111,648,673.25,778.583,768.346,668.25
42,824.462,547.375,580.917,512.167,955.808,1324.962,646.25,473.906,1058.167,898.889,656,1988.625,326.812,4095,336.333,257.25,276.5,373,213.625,573.5,681.625,320.062,1947.444,836.375,711.917,872.417,837.115,679.375
43,750.038,593.438,583.833,501.417,958.423,1134.231,607.625,443.938,902.75,1007.889,647.667,1794,277,3570.062,352.75,249.25,365.312,242.444,219.625,504.5,584,294.188,1776.556,723.188,791.917,789.667,733.731,762.125
44,696.346,715.688,562.417,340.333,1035.308,1161.538,589.125,390.969,635.333,827.556,727.222,2800.125,292.25,2191.938,263.5,271.75,270.5,247.778,261.188,568.875,506.125,318.438,1944.889,763.125,821.583,891.25,780.538,689.625
45,809.577,660.438,744.75,504.917,1110.885,1070.846,635.5,421.562,827.25,1054.556,570.556,3569.75,275.188,1327.25,295.833,359.75,295.75,300.111,230,661.25,659.812,395.5,1760.778,868.812,833.583,867.333,948.5,748.25
46,813.885,684.625,626.5,507.833,1031.462,1262.846,629.25,370.438,677.417,898.222,644.444,3612.75,297.625,1233.812,279.583,237.875,245.188,258,252.688,562.625,520.188,315,1955.333,827.5,751.5,964.083,756.154,862.625
47,818.769,664.812,542.083,522.167,978.154,1256.923,646.25,377.5,862.083,802.333,690.444,3611,331.25,1027.688,243.667,330.5,294.188,255,323.188,525.5,522.562,287,1955.222,844.375,788.167,841.333,833.231,721.25
48,754.538,628.938,542.083,527.25,900.038,1247.731,512.25,386.625,696.583,962.444,652.556,3528.875,298.188,1047.562,369.75,264.5,316.625,327,265.938,566.5,587.25,304,2016.556,736.75,874.167,847.083,886.692,762
49,878.346,807.812,645.583,434.917,925.5,1148.769,670.25,388.719,649.417,1101.444,680.667,3721,399.625,1189.75,382.333,220.875,299.688,276.111,236.875,622,630.312,402.438,1838.889,687,916.417,874,838.192,755.5
50,811.308,716.812,557.667,455.167,897.538,1140.885,674.375,345.188,726.25,1078.111,658.111,3108.875,308.75,1059.938,274,217.625,381.875,336.778,258.562,501.625,458.812,345.062,1942,769.875,983.25,937.25,737.5,777
51,811.846,650,621.833,573.25,1021.462,1129.385,606.875,394.125,735.083,1143.667,647.889,3329.75,288.938,1128.25,295,316.125,298.125,357.556,251.688,621.25,467.75,304.062,1944.667,803.75,770.5,867.833,846.038,689.25
52,742.308,661.438,595.417,614.917,969.577,1186.615,693.625,402.531,792.417,1031.111,804.222,3292.625,301.688,1142.812,231.667,203.75,404.938,231.667,310.562,508.375,511,302.562,1936.556,744.562,942,860.583,959.462,829.625
53,838,726.562,519,392.167,1016,1311.538,556.5,365.469,725.75,1009.222,701.444,3854.625,326,948.438,297.333,253.875,335.375,245,210.5,442.875,517.125,294.125,1883.778,744.625,811.75,774.667,835.346,748.625
54,821.846,639.312,596.417,652.333,903.5,1311.538,698.75,389.25,669.333,1049.556,726.111,4048.75,346.25,981.75,373.167,259.875,287.5,240.667,232.562,604,485.562,341.25,1884.667,765.312,819.417,897.333,818.808,818.375
55,759.615,642.5,640.833,481.5,989.269,1153.308,766,426.938,803.083,1052.556,614.222,4095,304,1078.875,264.75,228,258.375,330.556,220.75,531.75,493.688,377.25,2036.889,750.812,870.083,979.917,822.962,756.875
56,887.923,621.938,624.333,570.417,1052.231,1223.769,697.25,433,697.917,1298.889,771.667,4095,347.562,1019.875,352.667,302.5,305.5,277.222,213.5,356.25,635.812,349.062,1933.333,756.375,790.083,1011.5,853.269,936.75
57,788.692,653.125,620.833,526.75,1016.231,1241.385,856.625,421.281,906.833,1128.667,631.111,4095,334.562,1218.625,258,248.125,307.812,294.333,232.188,541.625,495.875,425.312,1982.111,847.312,716.917,910.667,785.346,610.5
58,805.923,710.562,509.083,503.417,961.615,1197.423,662.75,434.844,749.167,1091.222,622,3273,422.75,1156.312,204.667,208,362.625,304.556,303.062,528.625,453.812,311.875,1824.222,803.938,827.417,951.917,830.346,741.25
59,905.769,626.75,541,576.5,915.308,1198,725.375,376.469,724.917,929,656.667,2464.25,314.875,1151.562,310.833,206.25,293.938,312.111,212.938,653.375,525.75,338.375,1822.111,878.188,848.917,958.583,804.885,891.75
60,877.885,665.5,484.75,506.917,1076.231,1104.5,725.75,478.125,672.667,1113.667,955.778,2061,273.688,1107.562,288.667,208.25,326.375,254.333,259.125,404.625,556.438,327.625,2058,753.5,897.417,878.333,810.346,650.25
61,841.692,714,580.833,581.583,920.5,1178.885,518.875,388.531,778.583,1054.778,777.222,2130.25,433,1198.625,281.917,208.375,298.438,228.333,274.438,547.75,453.75,338.125,2198,1368.875,986.417,860.25,781.615,763.75
62,1015.231,701.5,523.167,665.583,942.731,1123.846,677.625,404.188,668.583,1028.333,600.222,1697,319,1198.562,249,288.25,321.312,278.778,227.938,608.125,516.688,437.375,1934.667,1649.062,931.583,913.417,974.308,745.5
63,1225.038,671.938,508.083,559.417,1010.538,1105.308,682.625,392.219,775.833,965,703.778,1645.625,371.625,1109,377.25,266.5,330.688,312.556,294.312,518.375,466.812,380.562,1749.222,1866.938,952.25,890.083,832.115,702.625
64,1420.769,733.562,572.833,585.417,1002,1141.231,544.25,354.094,747,972.333,653.222,1362.5,303.625,1076.188,275.167,200,365.188,249.333,270.812,558.25,477.812,375.75,1911.778,2075.75,992.667,825.333,857.077,768.625
65,1573.423,599.312,565,507.333,953.769,1108.308,683.625,403.469,862.583,863.556,673.222,1415.5,312.812,1128.938,281,259.875,288.25,263.667,286.438,519.125,510.5,448.25,1793.778,1614,858.417,914.167,787.538,711
66,1719.538,600.312,536.167,488.083,970.154,1313.231,764,373.656,881.833,937.667,614.556,1372.125,292.875,1160.312,317.917,266.125,343.188,337.111,272,527,644.562,417.625,2076.111,1707.25,857.5,805.917,821.654,563.625
67,1644.462,595.438,506,524.333,993.038,1153.269,674.5,432.938,863.083,998.111,734,1351.375,296.938,1025.375,276.75,307.375,234.438,203.778,276.125,592.625,451.25,534.312,1817.778,1298.938,969.333,860.25,892.308,738.875
68,1778.192,582.875,592.667,514.417,929.615,1107.808,649.625,347.688,663.667,870.444,587.667,1469.125,252.188,1250,286.917,171,314.625,266.222,283.812,642.125,495.688,850.375,1636.667,1209.875,836.75,800.667,779,637.25
69,1615.654,598.062,548.333,639.5,997.577,1233.692,702,380.844,667.833,1089.333,599.111,1527.625,341.938,1104.625,245.333,241,308.625,273.556,251.188,466.25,477.125,1519.688,1875.444,1029.938,939.25,858.333,847.077,565.125
70,1468.462,752.375,521.75,642.75,942.385,1186.192,781.125,439.156,701.167,1142.556,715.556,1595.75,323.875,1158.312,307,339.75,322.375,308,197.812,656,504.125,1186.562,1837.111,891.562,1068.75,939.583,896.462,680.375
71,1429.423,746.812,532.833,515.917,918.5,1259.5,503.625,401.438,828.083,892.222,857.889,1332.75,339.688,1116,322.917,203.875,376.188,207.556,261.812,477.5,601.875,600.938,1876,858.75,951.667,931.167,879.192,741.25
72,1244.423,778.625,519.167,578.917,856.115,1054.692,661.5,441.594,744.083,1063.222,684.556,1434.5,406.562,1290.688,294.833,234.375,315.812,222.778,252.375,664.5,536.562,467.875,2015.667,823.688,986.917,983.417,890.769,652.875
73,1071.231,794,491,611.333,947.231,1156.346,548.125,426.375,675.917,1000.667,840.778,1665.25,373.375,1212.812,318.083,264,308.062,269.556,323.875,513.625,582.438,331.875,2026,857.312,1007.75,894.167,937.231,635.625
74,988.269,707.562,636.167,496.75,961.269,1257.231,667.875,395.531,736.083,1110.222,680.444,1540.125,309.938,1173.625,317.167,195.5,333.562,253.778,257.375,672.375,457,399.625,1991.889,836.625,922.75,962.417,907.038,683.125
75,905.192,664.312,598.5,523.25,1036,1234.769,721.375,388.438,777.417,1002,686,1387.625,337.438,1130.812,319.583,289.375,317.5,280.556,292.438,519.75,411.25,280.438,2103.444,850.188,765.083,1005.25,935.385,674.875
76,1199.615,785.062,631.167,510.583,959.962,1194.231,681,453.469,765,1028.778,773.333,1578,297.312,1111.562,219.583,275.75,353.812,188.556,246.062,623.5,484.25,308.75,1907.111,689.688,839.333,876.917,905.269,884.75
77,1041.923,792.25,626.25,409,951.192,1184.769,640.75,434.344,658.5,1044.222,621.556,1298.125,368.062,1070.312,290.5,224.375,263.938,342.778,285.875,355,499.75,377.938,1747.333,652.75,894.417,880.833,827.5,644.875
78,953.692,617.812,564.333,662.583,922.615,1519.808,640.625,411.688,779,945.556,728.556,1336,339.875,1124,289.167,306.625,359.312,246.111,285.562,655.375,588.5,373.812,1901.778,960.25,958.167,771.083,845.923,741.25
79,1030.846,629.5,594.667,502.583,1003.346,1600.115,782.125,420.812,841.5,1081.556,631.222,1627,317.812,1108.875,374.417,258.625,354.5,286.778,296.625,532.375,594.312,356.812,1799,638.688,918.75,766,798.538,518
80,916.192,734.125,555.167,494.917,946.654,1593.385,561.5,422.531,790.333,1105.667,731.222,1453.125,303.938,1165.625,262.667,253.625,258.5,233.889,245.938,657.25,539.75,328.062,2095.444,719.688,973.167,756.5,745.385,558.625
81,859.5,806.875,663.5,548.167,977.115,1552.077,713.375,461.625,718,979.778,637.778,1539.75,324.375,949.562,324.167,166.75,351.625,208.667,294.5,584,401.188,321.062,2027.444,784.062,873.083,886.083,694.192,635
82,1063.462,650.625,636.5,466.417,976.038,1577.269,696.25,438.562,842.833,947.333,809.667,1490.375,249.25,1079.875,285.333,301.375,347.25,234.556,231.938,509.375,558,262,1765.111,746.812,737.667,943,750.769,587.375
83,1169.769,831.125,575.5,512.833,1028.923,1775.846,568.125,397.25,825.333,953.556,744.556,1439.5,302.938,1096.938,349.167,306.5,314.5,233.222,186.75,622.875,499.188,242.625,1849.222,724.875,843.667,838.917,723.115,756.125
84,1210.346,733.625,604,654.583,880.885,1860.654,628.625,409.938,687.417,1128.889,719.333,1395.25,445.312,1193.875,359.75,294.125,331.188,313.333,273.938,608.375,436.875,331.062,2069.111,724.75,979.583,928.333,734.154,757.25
85,1131.385,779.188,678,735.5,909.308,2066.846,594.75,397.344,673.083,1140.222,687.667,1205.375,455.25,1099.312,255.667,327,378.625,353.333,227.625,447.875,507.75,335.812,1564.778,884.375,1081.167,951.167,877.038,812.375
86,1215.538,765.938,660.167,614.5,949.885,1977.885,803.875,378.531,663.083,1093.667,694.333,1369.75,408.625,1132.75,377.667,177.75,295.438,294.778,313.125,624,460.562,274.438,2066.444,906.688,913.833,1012.667,863.5,707.375
87,1092,756.5,665.083,579.5,913.923,1682.077,743.5,400.406,799.083,996.444,765.556,1590.625,330.812,1100.188,233.5,263.625,360.438,317.889,317.875,561,533.438,301.625,1976.333,686.75,967.083,982.25,842.885,733.875
88,1288.538,699.062,570.667,542.167,905.346,1991.462,566.125,383.125,669.667,1011.556,628.556,1633.125,369.562,1015.438,292.25,263.125,373.688,242.667,306.438,550.5,510,318.688,2090.333,852.062,984.417,905.917,748.192,678.875
89,1290.192,742.125,663.25,537.333,934.308,1749.692,522.5,423.844,747.667,919.111,525,1701.625,389.5,1065.75,245.917,318.625,359.375,309.778,245.875,538.625,511.25,342.438,1975.333,680.875,1034.167,980.167,897.308,816.5
90,1387.731,660,578.25,478.417,999.692,1499.077,754.875,419.531,767.75,1011,685.222,1570.5,342.562,1095.5,277.75,286.875,381.312,211.222,245.25,542.125,563.625,318.438,1760.222,973.312,1233.833,932.583,841.385,653
91,1504.615,702.062,573.5,486.75,988.577,1644.731,730.25,410.031,616.333,1075.333,520.444,1512,271.562,1133,325.167,241.625,334.938,245.111,242.125,583.75,496.812,329.812,1716.778,873.188,1308.417,938.833,860.462,710.125
92,1767.462,686.562,516.833,479.583,1014.115,1561.423,591,443.875,663.167,914.444,734.222,1548.875,356,1228.062,303.583,227.625,325.438,310.333,222.188,487,521.5,286.938,1965.778,961.438,1734.167,931.25,889.538,536.25
93,3068.385,725.75,615.083,607.833,988.192,1431.808,631.625,468.438,738.917,979,698,1751.25,325,1084.625,252.417,324.25,371.438,411.111,265.375,552.5,571.188,314.5,2048.111,865.875,1804.167,946.833,882.615,622.625
94,2249.385,708.562,524.083,484.917,936.115,1391.654,620.125,443.031,737.25,1113.444,681.667,1826.25,389.125,1182.625,322.5,298.125,383.938,302.889,257.375,478.875,502.812,252.75,1994.667,900.75,1417.5,981.75,916.692,790.375
95,2704.192,637.562,728.833,554.25,932.231,1318.692,633.875,484.594,707.167,1010.444,686.778,2330.625,336.25,1132,331.167,263,364,358.111,264.75,441.125,418,322.625,2173.444,884.75,1542.167,920.833,846.115,579
96,1809.615,683,609.917,671.333,987.846,1369.462,779.875,440.531,741.25,1096.778,706.889,3069.375,359.688,1430.625,365.75,269.625,343.625,206.667,265.5,516.875,550.688,261.812,1912.111,936.875,1081.75,919,826.923,798.5
97,1622.885,739.812,601.5,536.167,942.923,1219.154,696.375,449.312,758.833,980.222,642.778,3866.875,303,1276.75,379.75,312.125,275.375,182.444,298.812,565,486.938,294.875,1877.778,898.875,1155,830.25,747.731,770.375
98,1346.154,798.125,568.333,692,1022.692,1223.269,557.5,420.625,728.583,1000.556,755.222,3906.25,377.75,1239.812,334.917,255.75,338.188,219,288.5,547.5,493.625,255.812,1878.444,843.5,981.75,850.583,805.115,848.25
99,1134.154,792.312,613.75,618,1007.115,1096.538,655.875,384.125,963.333,999.333,821.778,3856.25,285.188,1128.812,297.667,300.375,348.125,292.556,293.938,490.125,551.188,292.312,1907,1059.938,1117.583,830.333,812.731,812.875
100,970.308,780.562,535.75,570,864.962,1081.923,623.5,421.312,1010.417,1155.111,719.111,3548.5,298.312,1234.688,391.667,196.625,356.25,329.889,315.438,540.5,608.625,281.312,2113.111,994.438,838,849.333,865.154,620.5
101,906.154,814.688,527.333,648.333,1062.231,1122.577,655.5,437.094,914.333,1069.667,576.444,3636,384.375,1180.375,302.833,414.75,409.312,267.333,314.938,450.75,540.312,297.812,1986.333,770.75,859.667,767.167,810.923,622.375
102,957.808,735.625,548,565.917,985.923,1173.385,772,414.938,961.583,894.444,680.889,3161.875,320.312,1228.5,277.167,207.25,317.188,280.778,234.188,512.625,621.75,361.562,1940.889,1021.25,826.417,1049.917,860.692,794.875
103,867.923,694,622.917,675.333,955.923,1116.846,782.125,438.062,822.583,1134.778,633,2860.75,324.688,1181.125,314.833,243.625,356.875,182.778,248.938,609.625,431.375,368.375,1931.222,898.188,903.583,852.583,798.538,817.375
104,843.731,809.062,593.333,706.333,851.885,1132.154,721.125,439.812,709.667,1004.333,601.889,2221,392.438,1276.562,278.417,324.875,451.812,363.667,243.062,598.625,602.438,350.25,2053,1012.5,887.583,964.25,827.077,822.875
105,896.538,679.375,561.917,725.917,890.231,1181,675.25,459,941.667,1098.333,679.333,2028.375,337.188,1149.5,332.917,290.75,385.562,246,220.125,612.5,626.75,266.062,1658.778,831.562,916.167,870.417,758.885,849.375
106,800.692,600.062,597.917,676.167,904.846,1195.154,623.25,407.344,821.583,1137.444,485.556,2448.625,384.688,1096.188,313.5,262.5,309.5,308.889,289.688,649.875,543.812,327.438,1779.556,905.938,1060.583,908.25,809.692,589.5
107,965.192,804.5,561.917,632,981.462,1205.577,607.875,359.656,942.417,954.444,703.667,2602.625,412.062,1130.25,281.5,277.625,248.625,245,315.875,483,558.062,350.562,1712.111,876.688,850.583,988,735.385,716.375
108,867.077,814.812,496,472.25,1031.115,1052.192,589,398.531,847.25,884,834.444,3619.375,346.625,1139.75,242.583,263,371.625,245.778,208.25,518.25,480.5,401.438,1930.889,809.875,1048.167,1029.167,947.154,672.625
109,911.385,755.938,539.417,528.5,1067.385,1208.308,580,371.125,941.417,939.444,747.778,4039.125,438.438,1194.75,392.833,264.5,351.312,269.556,243.125,596.125,578.25,398.25,2180.222,855.312,1022.583,1064.083,821.423,723.5
110,939.231,720.875,629.25,498.833,959.231,1144.692,710.625,394.344,791.333,803.889,701.556,4095,399.375,1317.5,380,209.5,338.062,247.333,263.938,503.75,601.5,381.562,1598.667,903.375,908.333,981.5,905.269,743
111,895.538,774.062,587.75,609.75,1019.769,1044.346,716.5,347.844,745,993.889,556,4095,372.375,1192.938,335,275.75,356.188,310,247.375,586.875,563.688,351.812,1823.111,1002.125,1018.417,982.583,939.731,897
112,806.5,821.562,533.583,545.417,1016.654,1072.923,600.25,365.156,839.75,961.444,678.778,3309.375,349,1292.812,300.75,297.875,335,180.556,302.562,562.875,572.625,360.75,1775.667,843,885.417,1011.333,909.692,678.25
113,926.615,763.312,597.417,624.75,928.077,1153.692,657.75,394.594,868.75,968.222,709.333,2990.625,364.688,1203.562,412.167,390.875,412,196.333,302.625,608,479.625,327.25,1951.111,864,1098.333,925.833,937.808,723.125
114,845.192,764.312,567.75,576.75,1020.269,1082,672,430.062,883.833,967.222,749.778,2503.125,397,1202.312,266.5,192.75,316.375,237.778,241.812,641.875,533.75,330.125,1913.222,922.75,1094.5,941.417,811.654,745.5
115,962.077,854.625,467.167,654.75,960.308,1152.923,642.75,541.625,808.5,1004.444,639.778,2045.125,406.312,1127.125,257.083,226.625,356.062,338.333,281.938,550.625,568.188,253.688,1641.556,747.812,987.083,864.167,923.577,626.625
116,907.769,770.125,509.25,598.333,993.538,1089.5,649.75,427.5,620.333,921.667,764.556,1748.25,315.812,1238.688,243.667,321.75,323.75,255.778,259.438,584.75,549.125,263.625,1910.778,817.25,992.833,925.417,898.577,831
117,861.269,722.938,539.417,496.583,890.346,1080.231,542.375,413.625,797.333,1092.333,679.556,1929.25,411.688,1320.438,373.75,330.875,289.062,278.111,239.625,533.875,515.188,309.812,2098.778,925,927.083,971.75,832.615,631.25
118,850.615,764.938,654.083,554.75,1114.423,1168.038,677.25,429.906,900.583,1151.778,810.444,1773.125,393.625,1076.562,388.75,300.75,397.875,300.667,270.688,567,519.938,324.562,1808,874.688,1063.917,886.25,834.385,697.125
119,2510.846,933.75,604.583,538.5,944.731,1254.846,794,428.656,630.083,845.556,663.333,1445.5,428.688,1078.562,342.917,293.75,351.438,254.444,372.5,624,581.125,374.5,1823.667,756.688,1091.333,923.667,935.192,805.5
120,2376.885,818.625,613.667,535.5,937.385,1053.462,538,410.312,796.75,1008.556,622.222,1511.625,396.5,1292,675.833,281.25,317.125,220.111,272.438,535,520.312,290.25,1939.444,938.5,934.167,754,894.538,859.375
121,1783.115,1195.188,538.25,545.417,918.769,1172.077,722.25,351.156,658.75,1030.556,709.444,1323.75,386.875,1330.812,495.667,313.25,338.625,430.667,256,484.375,590.438,266.5,2128.333,854.25,959.333,930.083,818.038,570.5
122,1624.192,830.75,626,490.333,975.385,1131.923,604.375,407.031,734.25,984,598.667,1345.875,381.188,1341,306.25,204,303.875,352.778,249.688,770,631.438,325.938,1902,843.812,1036.583,864.917,909.615,706
123,1829.231,723.062,682.917,563.25,969.269,1233.115,740,422.062,942,912.333,651.667,1616.75,372.188,1467.438,441.833,198.375,321.5,281.444,265.188,465,540.062,390.312,1765.333,819.438,854.083,930.667,850.846,597
124,1674.923,920.875,569.333,577.167,957.231,1254.462,709.25,428.781,711,1084.444,758.556,1433,413.062,1565.562,373.5,229.75,336,249.556,284.562,553.125,524.812,355.5,1958.222,822.75,1012.833,997,823,721.5
125,1351.423,829.062,699.083,530.667,952.885,1327.115,574.125,492.125,752,907.333,590,1477.625,491.875,1790.812,294.25,200.375,326.75,219.111,224.5,590.125,514.062,285.562,1946.778,782.25,1046.167,1292.25,870.231,649.5
126,1245.885,691.25,599.333,562,985.654,1423.769,692.125,2387.125,830.167,993,749.667,1519.625,371.688,2953.062,391.167,300.5,355.688,274.333,334.062,510.5,635.625,363.312,1744.111,838.688,1019.083,1062,922.577,756.875
127,898,858.125,758.75,516.917,987.192,1563.962,742.625,1644.594,823.583,1073.222,537.222,1389.25,377.062,4095,277.667,193.625,326.125,247.778,255.375,505.75,591.375,324.875,2084.556,922.125,1069.5,797.167,885.885,650.25
128,868.885,725,826.75,667.667,970.308,2705.308,660.5,2681.25,724.583,991.667,673.889,1557.125,410.375,4095,304.917,274.5,382.5,386.556,305.188,497.5,506.375,321.625,1742.778,855.375,828.833,1048.333,762.115,761
129,882.885,716.562,647.167,616.333,1087.808,4090.385,687.625,1206.75,654,964.889,686.333,1506.375,397.438,3993.375,382.333,338.25,400.062,327.222,281.188,495.375,529.5,354.938,1810.556,782.375,977.25,934.75,898,724.125
130,832.538,781.5,728.917,730.417,940.885,4091.846,752.75,667.094,726.25,957.222,725.778,1427.75,292.625,1627.688,319.917,185.5,277.562,220.444,267.625,609.875,482.5,334.5,1839.667,732.25,1186.167,797.333,781.577,495.875
131,797.115,769.625,776.667,458.667,1029.423,4058,762.75,516.5,718.75,910.444,563,1381,386.062,1168.25,315.5,242.5,266.312,354.111,267.688,538.25,561.938,297.562,1987.222,824.25,1064.25,796.667,767.154,705.75
132,845.192,808.688,827.667,591.333,1039.192,3705.308,721,534.781,837.917,931.333,731.222,1493.375,360.312,971.062,359.417,280,374.375,325.333,192.562,667.25,662.875,354.125,1795.222,836.312,868.583,937.333,784.577,570.375
133,890.654,858.25,1011.083,611.667,1055.731,3271.577,672.125,677.781,695.833,870.111,733.778,1707.875,448.75,1005.312,275,223.75,385.375,259.667,324.062,541.125,544,299.938,2101,731.438,1003.667,778.75,852.269,671.375
134,833.423,812,806.917,524.25,1074.885,2596.923,671.625,473.406,756.25,1030.556,636.556,1589.75,305.938,1142.062,294.75,254,379.312,270.111,271.375,643.125,602.938,283.062,1884.556,869.5,1916.583,880.5,805.385,616.25
135,878.538,809.688,727,588.167,1050.423,2017.231,562.5,466.875,569.167,813.333,680.444,1891.625,317.812,1145.5,358.833,264.25,394.938,304.222,176.625,545.375,486.875,345,1912.444,801.812,4095,813.333,726.231,596.5
136,932.192,717.312,632.917,586.25,888.462,1971.538,738.875,444.5,765.5,965.222,664.889,1731.75,400.562,1180.5,256.25,191.125,339.312,307.556,271.062,680,662.312,321.062,1820.556,908.312,4095,888.167,826.808,713.875
137,870.808,827.812,634.417,558.167,910.462,1503.346,583.625,527.875,793.75,1007.667,730.778,1970.375,374.188,1093.062,286.333,158,440.688,239.778,231.812,555.75,648.75,334.688,1916.111,779.75,4095,844.417,774.308,612.625
138,845.692,875,499.75,556.583,957.077,1360.5,643.125,492.812,808.417,964.111,819.667,2112,369.062,1085.938,334.333,230,365.438,252.889,247.5,559.125,1554.312,324.5,2118.556,666.625,2043.333,887.75,807.885,511
139,857.385,770.375,558.333,621.083,1011.615,1202.346,635.75,451.531,820.417,957,824.333,2001.5,393.625,1045.812,281.25,251.75,405.625,320.889,268.625,651,2895.688,315.562,1931.556,793.438,922.417,957.833,783.077,568.75
140,911.192,869.375,582.75,509.75,1036.462,1223.5,645.75,483.719,780.667,917.778,679.778,2217.625,394.438,1066.938,334.25,223,337.062,275.222,279.375,571.875,2892.812,234.125,1968.222,890.188,877.417,983,868.769,682
141,834.269,790.438,519.167,652.833,951.462,1151.462,586.5,503.344,758.167,1150.889,687.333,3272.375,385.25,1116.5,378,267.875,410.875,276.222,276.75,695.375,2715.938,327.875,1736.667,680.438,1015.417,1155.75,799.346,691.75
142,786,715.875,552,626.417,931.846,1203.346,631.875,463.406,696,1008.556,676.889,3010.75,374.812,1106.25,294.417,456.25,424.312,298.778,314.875,481.125,2476.875,421.125,1946,936.688,954.917,1007.667,800.385,682
143,875.385,670.562,478.833,616.583,1004,1084.269,638.75,432.969,805.583,944.556,797.333,3412.75,409.812,981.5,285.167,178.25,304.875,265.111,286.938,703.5,1917.375,289.875,2085.111,693.812,919.333,790.833,827.923,597.875
144,866.577,1261.312,539.083,455.083,1011.692,1074.846,727.125,496.125,860.25,974.111,644.222,2956.75,307.312,994.625,333,335,343.438,268.556,290.875,498.625,1449.562,309.5,2140.444,745.375,916.75,881.833,777,637.5
145,827.385,1146.688,537.833,557,1004.654,1088.692,630,449.469,701.167,1113.333,668,3191.75,359.25,1246.312,293.667,275.875,316.062,265.222,284.312,672,1534.875,285.25,2303.556,744,986.917,848.5,824.192,697.875
146,831.462,845.875,497.667,639.75,1043.692,1156.115,643,477.875,811,996.556,962.667,3278.125,349.375,1103.5,351.167,270.625,353.5,316.222,215.438,637,1302.75,338.5,1849.889,839.125,1188.25,971.5,893.038,602.375
147,816.654,883.938,590.083,589.5,948,1051.654,744.375,445.094,792.917,1106.778,564.444,3693.75,370.812,1217.938,303.333,337.875,299.875,220.444,262.312,461,1328.438,346,2095.444,651.312,961.75,907.75,918.154,673.625
148,845.615,861.812,553.75,596.5,1002.846,1070.962,718,464.875,730.167,987.444,693.222,3863.625,405.812,1139.688,307.083,326.375,321.812,285.111,301,589.875,1356.5,423.938,1972,698.688,1007.583,804.25,876.308,852.125
149,888.538,863.25,695.5,579,940.423,1108.462,698.5,521.25,852.583,948.444,744,4012.625,367.188,1013.625,339.5,278.25,296.125,360.333,250.875,474.875,1371.812,377.125,2079.333,746.75,1002.167,843.583,818.346,863
150,847.923,831.562,691.083,443.75,976.846,1124.154,641.75,430,693.083,1159.667,637,4019.375,422.812,1158.75,363.417,271.5,336.812,336.556,227.375,546.75,1168.562,393.875,2188.222,765.625,920.167,841.417,876.269,759.25
151,976.654,780.062,623.583,639.667,1007.192,1133.5,854,476.5,657,845.444,764.667,3430.5,512.75,1257.062,306.583,304.5,264,317.667,247,670.5,865,336.562,2109.556,783.062,1038.417,996.167,832.462,696.25
152,896.5,807.312,626.75,530.667,942.115,1193.846,650.75,448.688,814.833,1027.778,804.556,2774.25,387.438,1258.562,462.417,287.625,330.25,323,331.125,517.25,991.938,367.688,2159.556,778.812,978.25,957,837.731,562.25
153,924.231,711.812,449.833,592.083,1032.231,1152.808,745.25,530.688,817.25,1057.667,760.444,2668.125,332.688,1169.125,373.667,227.75,269.125,262.222,261.062,768.125,863.562,412.188,2107.111,686.812,1009.333,857.333,914.269,613.625
154,884.154,830.688,640.583,716.917,955.615,1236.846,742.25,466.969,745.917,1123.111,880.778,2050.75,403.5,1208.625,303,222.625,320.625,264.889,277.375,450.875,929.125,374.875,1725.222,880.812,941.75,932.5,784.577,690.125
155,837.346,832.688,672.25,622.833,1099.885,1304.923,840.875,559.844,994.917,1203.778,806.889,1844.375,428.688,1101,313.083,357,350.375,393.667,249.375,556.625,940.5,339,1970,740,892.667,845.917,919.308,757.75
156,873.885,757.875,603.583,577.5,978.077,1170.923,544.5,473.844,792.417,978.333,903.222,1778.125,420.688,1158.875,306.167,193.125,310,282.222,267.625,573.75,854.438,383.562,1953.778,738.125,975.5,845.75,967.308,774.75
157,973.654,844.875,624.833,537.083,997.385,1171.692,753.875,517.344,726.667,1085.222,790.889,1632.625,430.5,1161.438,364.167,202.25,343,320.444,253.875,543.75,1096.188,428.688,2093.444,830.438,1029.333,749,967.346,678.625
158,846.577,687.75,557.083,537.75,1031.231,1158.962,704.875,509.125,849.667,964,900.778,1821.25,425.938,1444.938,475.167,332,335.312,325.444,269.125,521.125,1208,340.688,2076.778,849.188,940.667,975.583,938.115,711.875
159,861.038,784.5,574,542.333,1015.269,1197.692,817.875,510.375,696.417,952.444,826.111,1840,401.688,1226.875,527,176,417.062,319.111,305.125,656,1231.875,428.375,1872,828.375,1023.417,911,853.385,639.625
160,796.615,892.375,460.667,531.333,964.077,1217.115,661.375,544.906,969.167,1048.778,671,1579.5,472.938,1367.688,387,266.125,262.25,345.778,282.312,517.125,1372.438,420.125,1764.444,746.812,933.917,883.083,1023.154,724.625
161,852,882.375,626.833,508.5,911.577,1058.038,706.5,528.469,696.5,963,685.444,1840,372.062,1095.812,346.917,362.125,289.312,299.556,312.75,614,1248.812,444.5,1842.778,771.625,928.667,867.917,1227.154,759.375
162,964.423,1003.625,553.25,643.333,972.346,1268.231,658.5,472.875,779.583,1072.889,723,1769.75,428.562,1050,381.25,232.5,376.688,314.222,348.062,663.375,1111.75,350.188,1997.222,830.875,1148.667,840.333,1493.654,709.25
163,844.654,797.062,577.5,519.583,1043.423,1079.154,664.625,461.719,772.25,1072.556,726.889,2097.25,484.188,1198.812,353.583,245,362.812,288.667,242.938,531.125,954,435.562,2056.444,879.062,1139.917,947.417,2076.923,667.5
164,869.808,869.438,607.083,566.583,990.731,1070.654,726,459.969,844.75,927.778,738.222,1641.125,399.812,1392,316.583,316.625,351.625,312,281.5,422.75,881.438,356.75,1985.444,966,998.167,926.25,2247.385,581.125
165,837.154,820.75,688.083,524.917,920.654,1290.346,615.5,446.219,842.333,1095.111,824.778,1614.375,341.25,1343.25,359.917,1649.625,311.812,316.111,305.375,520.375,762.938,435,2029,1052.688,1001.25,838,1831.269,640.5
166,895.385,835.375,651.417,687.75,1023,1140.731,609.625,471.531,856.333,887.778,712.556,1734.75,390,1552.062,319.083,1337.625,416.188,286,308.75,661.875,744.312,611.688,1852.444,802.062,1049.583,817.417,1584.077,727.75
167,895.346,806.938,606.083,524.417,1042.538,1201.731,581.125,467.625,865.417,912.333,954.111,1720.75,390.875,1613.125,307.167,426.875,361.375,264.333,277.438,575.375,684.562,837.875,2131.111,1146.062,901.583,776.167,1141.385,661.5
168,876.923,1067.688,640.917,620.5,892.115,1087.231,673.625,464.312,1035.417,1058.333,845.333,1425.375,408.188,2347.875,333.833,270.75,368.438,279.222,294.25,581.125,655.812,1160.625,2034.778,1496.312,988.5,766,1050.462,618.25
169,965.615,1006.938,679.083,683.167,1049.269,1053.038,903.375,483.469,827.667,1105.222,768,1449,437,4095,349.167,230.375,318.188,334.778,297.688,675.375,554.188,2676.312,1941.889,1703.688,1175.75,889.083,1002.231,665.375
170,988.385,915.562,644.75,526.417,1028.154,1109.192,797.75,594.062,953.833,979.111,822.222,1501.125,289.938,4095,359,342.75,241.812,326.556,230.875,634.75,644.125,2359.625,2051.444,2332.25,902.833,945.583,965.808,610.75
171,958.308,1022.312,598.75,727.417,1043.885,1176.077,798.875,512.625,1788,1057.444,689,1669.625,483.812,3987,329.417,207.125,364.25,258.111,346.125,575.875,526.625,979.062,1983.889,2145.25,985.917,938.083,855,544.875
172,1036.346,1263.688,494.25,727.75,1049.385,1213.115,779.375,566.312,4033.083,885.333,764.889,1654.375,396.688,1835.75,331.583,261.25,323.562,271.444,262.062,709,561.25,421.562,2015.667,1679.062,1007.917,845.25,823.308,547
173,905.462,1432.312,577.083,3957.75,880.538,1207.885,738.375,424.594,3908.333,1035.111,821.889,1489.125,439.188,1297.375,349.833,333.125,330.875,296.444,260.812,468.875,612.875,448.875,1978.667,1805.688,919.75,1038.167,883.731,515.125
174,854.731,2294.625,678.5,3997,973.769,1109.385,605.75,957.312,3662.333,1004.333,862.667,1459,455.688,1276.938,340.25,319.25,326.375,278,309.312,624.5,597.25,424.875,1970.111,1464.562,1026,925.5,900.115,679.25
175,1004.462,1942.938,710.75,2441.25,920.346,1201.923,808.5,857.125,1784.25,1029.889,872,2022.375,388.938,1145.688,363.333,287.75,307.125,325.444,267.25,565.625,607.562,307.938,1746.222,1347.312,1137.083,1005.583,820.115,619.625
176,967.462,1397.312,814.25,1038.583,975.462,1167.154,731.875,555.062,1230.5,1008.667,904.333,1744.5,371.688,1032.562,233.917,250.625,358.625,356.111,244,512.125,618.312,343.438,1889.111,1648.375,1031.75,749,838,651.25
177,981.038,1662.812,1070.5,689.917,884.346,1169.115,647.25,495.688,1033.333,1018.444,1318.333,1791.25,439.875,1209.312,354.167,231.25,381.812,241,375.875,542.625,616.125,336.188,1992.222,1448.062,1168.333,872.333,856.038,766.75
178,979.154,1645.812,1812.667,702.333,1036.808,1086.231,571.375,408.219,843.417,989.222,1913.889,1759.625,430.75,1197.312,388.083,333.5,328.875,313.889,295.688,405.125,610.625,354.25,1823.667,1564.188,889.167,794.167,901.538,493.5
179,983.808,1285,2036.417,654.417,953.846,1163.308,692.375,448.969,742.25,938.333,2646.222,1628.125,435.188,1149.062,391.667,318.625,366.375,222.778,368.375,618.25,754.562,301.688,2360.667,1394.062,1192.167,939.417,957.654,697.875
180,1069.5,1189,1908.5,633.417,946.077,1249.769,738.625,440.969,744.25,975.222,3075.333,1885.375,2148.438,1149.875,1619.5,295.5,393.938,284.333,419.312,501.75,695.438,344.062,2165.778,1516.438,1073.25,909.917,931.385,692.75
181,1634.115,991.938,1210.417,519.417,991.923,1137.423,554.25,477.625,757.917,997.111,2422.556,2497.25,1780.625,1141.188,2965.083,361.875,348.188,303.111,260.688,527.75,785.75,339.125,2121.444,1400.938,1164.083,942.583,899.5,687.625
182,2619.423,814.812,911.167,510.333,988.731,1101.462,613.125,484.156,753.417,951.556,1571.667,2825,1231.25,1138.812,1831.583,1949.875,311.25,387.222,265,777.125,1191.188,478.688,1679.333,1514.438,1290.833,1004.417,956.423,683.5
183,2623.615,996.062,1009.917,644.75,978.846,1098.346,660.875,441.156,762.833,945.333,1091,3077.375,740,1315.125,335.583,1853.25,358,361.333,278.062,634.75,1812.188,348.875,1910.556,1410.375,1109.917,1126.667,998.192,660.625
184,2120.115,969.125,784.917,589,996.115,1132.654,665.375,491.188,701.333,1004.889,765.667,3180.125,447.625,1367.188,330.667,1419.125,346.625,336.111,309.25,596.75,1984.125,343.688,2016,1358.125,1053.333,880.833,981.346,698
185,2515.961,899.688,656.083,499.083,917.808,1051.077,624.75,468.531,718.083,1047.111,953.444,3221.625,376,1271.5,278.167,434.5,436.625,383.444,358,814.75,1800.812,331.375,1868.222,1419.188,1198.167,1195,945.808,683.75
186,1988.423,997.188,655.417,704.417,952.615,1187.654,664.25,522.906,853.583,929.889,802.111,4026.75,398.812,1204.375,350.167,207,370.812,474.444,486.562,4095,1476.875,320.75,2145.556,1195.062,1107.333,1078.583,946.385,605.125
187,1523.308,1042,588.667,442.333,942.423,1111.385,655.875,439.594,789.417,990.778,787.222,4095,378.812,1231.75,352.5,158.75,1466.75,1469.556,964.375,3005.75,1010.875,333.688,2037.444,1169.812,1143.833,1056.333,1048.654,672.125
188,1271.385,812.062,677.75,508.5,1064.769,1199.615,662.5,841.906,813.667,943.667,624,3528.25,435.562,1231.062,364.833,316.75,3085.5,656,608.625,600.125,859.062,422.938,2067.778,1115.562,1023.583,1144.167,978.692,791.5
189,1179.308,907.438,696.25,560.417,1000.692,1037.077,688.75,579.062,930.75,1156.222,701.889,3664.75,486.688,1373,375.083,310,2537.188,366.111,311.688,651.5,865.5,354.062,1970.778,1130.062,1116.333,1157.583,1025.731,490.25
190,1057.538,812.875,595.5,527.333,1071.923,1123.346,898,1196.656,819,920.333,840.111,3980.875,409.688,1165.312,266.25,327.125,926.438,292.556,350.938,638.75,690.188,391.438,2020.222,965.562,1112.667,1040.417,983.308,687.5
191,1026.269,1191.875,616.083,609.917,919.385,1059.462,1041.75,561.438,812.583,1062.556,830.778,3994.625,666.938,1474.562,382.083,576.75,344.562,294.778,546.312,476.25,733.375,428.375,2075.778,1038.438,1153.083,955.333,1083.192,709.625
192,1003.423,1164.25,658.25,611.917,888.5,1233.231,1464.5,546.188,819.333,1126.333,794.444,3475.625,2839,2083.75,254.667,310.625,362.938,227.333,360,465.875,753.812,294.625,1955.222,1019.938,1003.333,891.5,1058.385,755
193,906.423,933.75,584.667,570.667,997.538,1158.115,1800.5,747.062,776.25,983.667,831.889,2586.125,1223.25,4000,246.5,508.25,258.562,255.556,344.5,502.875,830.438,318,2095.778,945.062,1239.833,1037.167,1122.538,859.75
194,928.154,899.375,575.083,521.417,896.231,1204.385,1196.5,575.969,849,1028.556,735.111,2469.875,749.75,4095,219.667,340.125,385.062,307.333,342.188,483.5,674.562,423.812,1880.333,859.375,1284.917,835.417,1112.615,611.25
195,957.269,897.75,655.083,648.333,1097.731,997.154,1001.25,486.5,680.5,1093.222,761.778,2457.625,517.688,4095,309.75,307.75,351.688,289.556,336.938,669,782.375,422.625,2132.556,926,1279.417,1061.75,1089.769,735.5
196,906.423,838.062,658.583,666.833,1026.808,1045.154,768,456.594,835.25,986.889,777,2877.75,389.438,2846.5,309.333,280.5,328.625,425.444,309.312,625.625,701.125,420.062,1766.222,876,1170,868.917,1228.885,635.75
197,875.115,934.375,482.25,669.5,1013.231,1164.154,724.125,401.875,801.583,985.333,639.778,2618.375,495.938,1295.5,268,331,331.375,304.333,297.062,505.25,643.188,675.188,2049.889,916.5,1220.583,4095,1261.462,708.875
198,854.462,776.5,660.333,675.333,1300.769,1121.385,738.25,487.5,826.5,947.333,791.444,2332,381.625,1206.375,347.583,315.5,398.125,370.556,311,714.375,705.438,902.125,1924.222,857.375,1106.667,4095,1512.769,896.125
199,968.538,962.375,476,893.5,1078.885,1117.615,805.5,500.562,862.833,1124.556,877.889,2191.5,478.25,1215,313.167,211.5,391.812,391.778,268.188,415.375,795,2228.812,1921.222,958.375,1204.083,4095,1864.846,759.375
200,944.423,1189.312,682.833,908.833,1072.462,1235.115,645.25,402.25,840,1125.778,744.889,2369.25,456.125,1121.625,334.25,391,263,252,357.188,632,925.562,2805.562,2043.556,712.188,1227.667,3577.583,2477.654,702.5
201,1021.538,3403,695.75,1116.583,1068.808,1118.5,700.125,428.438,685.583,1103.556,674.778,2167.5,447.375,1153.812,330.667,413.125,303.875,285.444,282.438,518.625,1179.5,2545.938,2005.444,922,1107.667,1570.167,3079.115,728.375
202,1038.769,3799.438,572.333,896.583,1051.154,1169.923,680.75,474.5,698.833,984,658,1988.125,427.75,1130.5,355.25,270.5,367.312,368.889,276.438,493.25,1776.188,1081.312,2064.333,913.375,1205.583,1084.833,2968.577,579.25
203,1283.077,3502.625,665.667,1036.25,1048.346,1126.885,739.875,482.125,938,922.333,787.333,1842,414.125,1039.25,301.5,246.5,337.062,328.556,296.938,544.375,1835.5,475.938,1889.556,838.625,1147.083,934.083,2222.846,626.75
204,2187.539,3619.5,620.833,936.583,911.846,1158.192,717.625,1025.938,786.083,1096.778,661.889,1757.5,405.438,1160.562,316.083,232.5,272.312,289.889,310.312,512.625,1347.875,362,1995.111,925.75,1146.083,1060.25,2204.308,707.125
205,2619,1656.812,553.5,1026.167,980.192,1201.269,772.625,585.719,754.417,1164.111,753,1676.625,385,1151.688,396.917,276.5,358.125,197.111,383.188,591,1124.438,355.875,2124.444,1003.625,947.583,964,1538.462,806.625
206,2346.461,2016.625,535.75,1003.667,1034.769,1319.846,736,633.25,949.75,838.778,777.444,2032.625,431.188,1093.625,377.25,329.25,316.562,259,304,442.5,841.625,297.938,4095,1027.875,1163.083,1010.583,1333.692,669.375
207,2006.769,2590.5,631.75,854.5,963.769,1434.077,611.5,464.656,708.833,874.111,781,1564.375,429,1132.688,336.917,230.5,394,266.222,365.625,587.375,1081.375,352.062,4078.222,1204.562,1146.833,1115.667,1442.038,762.75
208,1632.308,1682.875,669.833,684.917,1052.846,1503.462,666.25,544.281,787.417,1133.444,719.778,1723.5,482.5,1115.938,412.5,286.5,340.5,271,314.438,608.75,745.875,289.625,3796.222,1361.625,1241,1190.833,1293.615,1059.375
209,1397.769,1103.188,676.25,662.75,1095.154,1511.769,723.375,876.75,985,1102.889,832.111,2191.875,437.812,1266.5,309.583,194.5,318.812,436.333,250.5,559,808,361.938,3016.444,1401.875,1043.75,1105.333,1189.962,3060.875
210,1390.231,956,713.667,538.25,1109.808,1848.038,715.5,767.25,903,1057.778,867.111,2107.375,372.938,1462.875,301.083,219.875,347.438,300.889,259.938,504,844.812,398.875,2458.222,1547.062,1070.083,1122.667,1135.615,4095
211,1179.615,1084.062,827.75,560.5,994.577,1901.769,626.75,548.094,749.833,1388,714.222,2028.75,470.312,1232.125,218.75,301,313.312,404.889,222.875,634.375,805.438,337.938,2065.333,1653.188,1191.917,1194.5,966.538,4095
212,1268.385,818.312,1061.417,547,1081.269,1806.577,1307.875,520.406,771.333,1216.889,894.333,2156.75,410.312,1288.062,273,288.375,380.75,375.667,255.875,588.25,745.938,287.875,2272.111,1877.812,1135.5,988.417,956.115,4069
213,1270.038,856.625,1139.667,611.5,967.269,2253.5,2397.875,503.875,768.083,1319.889,982.889,2338.875,362.188,1351.875,401.583,338.75,348.812,336,332.562,619.25,809.688,344.75,2009.667,2012.5,1026.583,1224,961.731,2282.25
214,1373.808,735.375,1667.333,607.25,948.231,2562.5,1959.875,463.594,1098.583,1756.778,731.667,2851.5,478.625,1185.438,310.417,301.875,403.812,413.333,294.938,617.25,783.875,334.438,1938.667,1914.5,1410.75,1175.917,1016.346,1011.25
215,1719.692,963.5,1295.417,659.25,929.423,3137.192,2101.625,450.438,3573.75,4095,774.111,3161.125,426.5,1280.938,326.083,323.875,342.625,248.444,318.812,591.125,773.375,344.062,2237.111,1543.688,1315,1119.833,1060.423,744
216,1776.538,931.5,1212,630.917,1054.385,3633.846,995.125,463.562,4039,4095,705.444,3153.25,377.188,1491,310.833,329.5,372.375,372.222,334.125,478.625,788.125,411.875,1818,1259.688,1204.667,2039.333,957.423,614.75
217,1825.923,1019.625,1172.75,609.417,996.654,3667.885,668.5,1252.562,3988.417,3875.222,955.667,3708,467.5,1275.938,327.417,278.875,328.938,281.556,333.875,552.5,839.062,295.562,1972.778,1389.188,1107.417,4095,951.385,699.875
218,1589.615,890.312,1028.917,709,1025.269,3305.5,578.875,730,2348.5,4095,785.444,3794.75,363.562,1483.562,261.25,287,384.5,388.556,474.062,4054.625,956.062,359.938,1931.889,1101.688,1259.083,4095,972.423,639.5
219,1274.846,969.375,729.5,730.083,1031.269,3617.154,620.75,604.562,1239.25,3581.556,975.444,3853,390.5,1533.25,311.917,251.875,389.375,281,325.25,3945.25,900.375,347.875,2056.111,979.438,1266.083,3994.667,1023.462,629.125
220,1322.808,967.688,856.667,600.667,1071.231,3041.923,551.375,514.5,856.667,1609.444,1012.444,4047.75,402.688,1641.5,353.583,192.875,370.5,431.111,312.375,1138.5,886.812,318.688,2214.667,856.25,1224.583,4093.5,1021.5,729.125
221,1307.538,1023.812,746.083,666.25,999.654,2898.423,693.75,547.406,785.917,1268.556,1099.778,4095,433.125,2181.75,290.917,317.875,411.938,323.667,369.5,519.25,983.688,369.938,2046.444,991.125,1265.333,4095,920.462,691.625
222,1142.654,976.812,607.667,604.333,982.308,2702.539,650.625,508.5,875.583,1132.111,1244.889,3875.875,462,4055.375,404,269.5,316.75,276.556,316.25,548.875,1052.875,331.188,2056.444,889.812,1275.917,2623.667,1107.385,613.75
223,935.923,1054.875,663.333,600.833,1113.115,2259.269,727.875,570.938,799.25,846.667,2109.778,3777.5,418.062,4095,410.583,237.125,273.25,292.222,317.5,510.5,1163.188,291.875,2310.444,920.812,1400.417,1319.917,1036.769,718.375
224,1024.846,955.625,700.25,690.917,1007.385,1873.692,752.875,713.688,755.75,1014.556,3291,2456.125,491.938,4095,380.083,256.625,354.125,417.667,306,533.125,1071.125,353.062,2159,913.125,1008.917,1361.083,1048.346,801.375
225,1005.5,971.562,587.417,693.25,1033.154,1646.231,656.25,1303.562,745.917,1003.556,2903.889,2439.25,530.125,2678.062,368.25,328.5,368.688,321.444,308.5,368.25,1132.188,418.688,2219.333,994.938,1263.667,1365.417,1063.154,868
226,1010.115,928.688,554.75,618.417,1103.962,1584.962,767.125,618.125,696.25,999.444,1965.778,2641.375,388.688,1570.875,321.5,417.75,314.688,285.778,323.312,572.125,921.562,352.625,2119.333,918.812,1346.333,1120,1108.769,724.5
227,932.038,862.062,542.75,644.833,1046.038,1403.077,655.875,901.531,692.583,1069.333,1369.778,2021.625,350.688,1233.438,414.25,355.5,347.438,382.778,267.562,511.625,954.938,346.562,2011.333,1083.125,1540.417,1161.167,1142.615,963.5
228,934.692,967.5,623.75,642,969.154,1250.385,798.125,552.156,667,1207.222,1093.222,1890,460.688,1201.812,368.25,264.625,340.625,469,389.188,530.625,772.625,442.062,1738.556,1345.875,1361,1070.833,1119.346,614.75
229,916,991.062,541.25,607.917,1059.308,1223.423,713.75,460.406,732.667,1130.667,810.444,1792.375,412.75,1112,379.167,363.75,417,284.222,290.688,522.125,816.625,372.688,2090.111,1361.062,1555.333,1270.75,1162.154,682.75
230,1023.731,1030.625,577.917,770.167,1125.615,1221.808,595.625,700.188,651.833,1107.667,801.222,1582.25,445.812,1243.062,425.5,225.5,565.75,403.889,332.812,597.375,758.25,356.375,1989.556,1354.938,1594.333,1093.833,977.692,733.5
231,892.731,952.25,574.833,853.417,1155.192,1254.654,626.75,533.188,722.167,1075,784.667,1612.375,378.688,1181.5,365.583,243,453.438,353.778,324.75,417.125,625.562,327.062,1908.778,1295.438,1404.417,1049.417,1013.923,652
232,980.538,918.312,568.667,3657.167,1023.577,1108.846,768.75,571.719,782,915.444,841.333,1533,479.062,1139.75,257.75,239.375,2749.062,413.667,326.688,525.375,745.875,449.625,2158.667,1423.875,1978,1040.917,1099.462,664.125
233,1153.115,1251.688,543.25,3757.417,980.808,1131.654,746.625,417,658.25,965.667,705.667,1682.375,581.562,1257.188,330.583,329.25,2862.812,594.222,273.812,476.125,781.812,630.188,2107.556,1714.188,4095,1136.75,1045.423,834.75
234,1222.385,1035.25,522.333,2669.333,1006.231,1311.5,730.375,483.25,855.583,1249.778,742.444,1694.875,421.5,1385.625,285.5,299.875,1351.188,1409.889,404.562,503.5,903,1940.312,2063.889,1550.062,4095,998.5,1058.423,608.625
235,1190.115,1195.625,601.75,2151.5,1029.192,1292.346,793.375,499.656,875.333,1190.778,889.111,1416.875,425.125,1182.812,266.833,273.25,504.125,402.889,266,596.625,1132.938,2536.125,1850.889,1312.75,4095,1436.917,1313.346,818.5
236,1459.615,1379.938,669.917,922.083,998.808,1216.308,2131.5,1327.719,669.5,956.222,775,1876.625,437.875,1103.625,284,231.125,386.5,302.333,327.188,598.875,1392.875,2447.375,2116.222,1249.5,2560.917,1406.333,1449.5,676.625
237,1653.923,1320.938,546.167,753.083,1038.038,1107.769,3716.75,935.938,900.083,1103.333,648.111,2106.125,426.625,1109.688,344.167,293.75,316.688,454.889,321,632.5,1243.125,1007.688,2203.889,1413.25,1298.667,1173.25,1934.923,632.125
238,1852.654,1730.688,610.583,582.333,1066.808,1240.385,1642.625,1593.188,853.25,1173.111,924.111,2173.625,532.5,1326.062,363.583,300.375,309.188,323.889,369.062,594.375,1125.938,419.375,2952.333,1456.312,1186,1109.083,2745.539,687
239,1624.846,1456.375,582.5,613.917,1013.923,1158.769,948.5,895.906,776.167,1077.778,802.556,2246.25,543.312,1265.438,343.5,280.375,276.938,305.667,337.188,603.125,888.5,369.688,2933.667,1234.062,1111.333,4095,2590.846,1004.125
240,1504.154,1449.5,751.667,598.583,1035.385,1182.269,537.375,555.594,731.667,1192.444,854.889,2358.875,492.375,1222,239.167,243.875,271.562,330.778,337.75,618.25,1038.688,287.125,2812.667,1091.688,1176.083,4095,2010.923,972.375
241,1441.038,1615.375,644.917,569.583,921.308,1248.692,684.375,532.969,638,1126.667,679.889,2291.375,543,1236,274.167,322.25,340.188,406.556,315.875,473.75,863.25,286,3159.889,1169.688,1056.25,3289.333,1795.269,993.25
242,1690.154,1628.5,663.167,517.75,1057.5,1290.5,613.875,467.094,668,1223.222,605.111,2731,485.625,1314.938,376.167,234.75,375,377.444,245,571.75,736.438,345.688,2773.556,970.938,1176.25,1619.25,1499.577,861.875
243,2207,1228.375,661.667,614.667,1123.577,1325.5,821,456.812,757.583,1173.333,851.444,2256.125,465.375,1330.188,326.25,244.875,342.5,436,268.125,737,728.75,349,2864.111,965.312,1207,1240.083,1465.231,845.375
244,2490.539,1015.188,641.25,513.25,897.038,1360.423,771,469.906,835.5,1329.556,735.667,2234,418.812,1376.625,279.917,257.25,352.125,358.444,281.5,3912.125,809.938,367.125,2715.333,1109.125,1218.833,1206.75,1191.115,895.75
245,2397.885,875.5,595.667,594.25,1046.538,1166.385,679.125,441.5,992.667,2248.556,720.222,1972.375,521.812,1284.312,313.333,295.75,302.562,442.556,365.812,2520.375,861.688,386,2484.556,947.438,1154.167,1163.083,1088.692,908
246,1696,967.5,627.333,490.917,1078.692,1413.808,743.375,425.781,717.75,4095,742.222,2290.5,495.25,1589.375,420.25,353.75,344.125,243.778,357.062,3198.875,797.062,260.438,2685.778,1139.312,1043.333,1151.167,1159.654,746.125
247,1487.808,923.375,666,614,1046.346,1238.538,714.5,488.406,888.75,4089.556,821.111,2271.75,453.438,1546.25,415.083,293.625,317.25,364.444,275.688,779.375,872.875,326.25,2228.778,993.062,1101.833,1273.667,1194.423,621.875
248,1178.5,866.125,627.167,597,1132.154,1358.808,797.5,472.156,806.167,1912.333,792.889,2075.375,482.125,1708.375,1804.333,356.5,371.125,336.556,358.312,517.875,1053.5,357.625,2457.778,1079.5,1238.083,1081.083,976.462,685
249,1062.385,1001.375,801.667,608.083,1139.846,1309.115,649,436.062,676.833,1228.111,709.667,2350.25,417.188,2812.812,2912.417,232.25,330.062,341.667,341.375,492.75,1168.25,342.688,2217,952.125,910.833,957.5,1068.923,888.75
250,1009.154,958.062,610,590,1055.269,1404.308,716.125,447.75,699.083,1068.444,799.333,2772.375,384.312,4095,1161.833,317.25,421.5,316.444,261.25,569.625,1284.812,272.062,2049.889,981.062,931.833,989.667,1048.615,737.625
251,997.423,1034.188,742.333,448.833,4095,1333.462,819,481.062,817.083,1148,887.111,2917.625,459.5,4095,391.167,261.75,411.25,302.111,336.562,503.25,1301.938,344.188,2010.778,1036.625,1123.75,1058.25,1070.615,753
252,873.923,1107.562,1068.333,492,4095,1285.346,635.25,1006.781,754.75,1038,1020.222,3705,451.062,4095,323.167,362.625,392.375,276.444,256.75,492.75,1169.562,382.688,2131.333,1059.812,1150.917,1232.167,1025,715.5
253,917.885,840.875,2096.917,755.25,2131.692,1297.115,801.25,1076.125,884.417,1068.778,1303,2514.625,550.875,2372.875,309.667,201.25,405.062,248.778,291.312,559,1126.312,441.5,2329.556,1154.688,1147.583,1347.833,1078.577,799
254,885.462,944.938,2863.75,542.833,1006.962,1335.731,730.375,831.75,833.917,1195.556,2263.556,2825.875,944.938,1441.625,397.417,254.5,317.625,302.333,341.562,448.125,860.938,343.75,2452.778,1121.125,1122,1099.917,1133.769,621.375
255,932.692,900.688,1787.167,537,965.769,1216.269,714.5,778.594,690.083,1045.111,4059.667,2484.125,2993.688,1237.188,393.667,285.375,421.938,1592.444,282.562,669.625,847.812,373.188,2754.889,1155.812,1209.917,1244.333,1100.038,780
256,912.654,971.688,1473.333,613.583,1094.154,1297.038,709.375,580.375,772.75,1256.778,3367.556,2075.375,1335,1174,447.333,708.75,340.375,601.556,288.188,535.75,727.312,354.5,2662.778,1020.75,1147.417,1335.833,1285.154,785.375
257,907.538,1025.188,998.667,588.5,1043.231,1398.808,634,477.156,773,1225.667,2269,1958.375,586.5,1323.562,346.75,1663,316.062,448.778,377.375,632.75,723.75,296.938,2081.667,847.25,1051.583,1477.25,1013.269,1274.625
258,866.731,1057.688,833.333,544.25,1045.385,1743.769,685.5,479.469,778.083,1111.111,1508.556,1816.125,547.125,1183.875,239.667,1570.5,412.062,378.111,424.875,541.875,677.062,340.375,2080.778,892.75,1229.917,1311.333,1081.154,3940.875
259,936.769,1040.688,704.25,767.083,988.731,1967.923,574.875,459.344,739.583,1028.333,906.222,1894.875,479.562,1232.375,360.083,363.75,376.688,299.444,360.5,566.375,818.5,388.688,3553.222,967.5,1162.75,1939.5,1121.308,4059.5
260,943.654,986.062,653.417,667.083,1078.423,3216.308,815.625,448.531,912.583,1223,778.111,1568.125,493.5,1271.562,325.417,241.375,396,339.556,361.625,637.375,795.375,442.75,4095,943.875,1039.417,1805.5,1130.154,4020.25
261,883.346,857,652.417,688.833,1089.115,3890,810,507.188,746.167,1216.667,766.778,1688,423,1367.062,260.25,288.375,405.375,294.556,253.438,681.25,914.812,387.875,4095,926.438,1207,1404.167,1118.385,3270.625
262,994.962,960,658.583,631.083,960.192,4085.269,674.375,406.75,854.167,1026.556,861.111,1622.75,525.438,1418.75,374.583,293.125,406.188,370.889,242.25,528.25,1101.438,305.562,4095,908,1177.25,1257.167,1186.154,1212
263,1002.615,1021.812,677.083,758.583,1055.346,4085.385,694.625,491.562,841.417,1003.556,827,1453.875,400.812,1104.5,349.5,255.75,358.188,356.889,335.188,611.625,1332.938,354.312,3613.778,924.25,1054.583,1338.5,1123.5,695.5
264,1077.577,1003.562,689.917,714.667,1038.5,4095,702.875,432.969,725.917,1318.444,728.444,1528.125,456.875,1165.938,423.25,280.625,344.75,423.667,283.062,559.875,1201.375,348.25,3852,869.188,1240.5,1169,1140.308,521
265,1000,881.188,574.75,723.917,1110.385,4095,654,503.156,774.333,1305.222,751.222,1706.125,475.875,1295.5,2357.667,231.25,341.312,390.333,335,660.5,1192.875,340,3048.667,959.75,1291.333,1382.5,1048.192,827.375
266,1071.077,963.438,642.083,808.25,977.538,4043.769,575,484.344,868.083,1080,751.444,1621.625,471.938,1183.312,1996.25,355.5,425.375,333.889,394.312,615.125,886.625,484.25,2312.222,821.5,1307.417,2198.583,1135.731,540
267,1055.769,770.062,636.417,716.583,1247.846,3365.539,604.125,457.094,720.75,1194.111,731,1663,504.938,1292.812,526.917,246.125,346.062,354.222,330.25,492.875,878.188,456.25,2170.444,966.875,1268.75,4095,1053.615,684.625
268,1011.846,774.188,648,626.667,1186.346,2500.461,638,478.281,714.083,1220.889,882.667,1455,407.875,1177.188,399.583,206,370.25,282.778,255.438,579.625,891,696.188,2306.556,929.312,1152.917,3997.583,1087.538,582.875
269,1132.308,923.312,596.833,562.5,1104.269,2084.846,736.375,475.125,764.583,1177.111,766.556,1538,376.5,1133.438,340.667,205.5,285.312,362.111,370.25,532.375,786.25,2599.125,1990.222,924.125,1159.667,3973.167,1020.577,525.375
270,1264.808,820.438,564.083,684.417,1108.692,1874.192,664.625,467.531,964.917,1133.333,725.778,1625.875,479.188,1244.625,294.667,176.25,310.125,261.222,310.625,510.375,942.25,2962.375,2036.444,1090.75,1252.583,4074.917,1139.5,746.125
271,1169.846,978.688,648,806.75,1162.923,1690.5,736.375,464.406,729.333,1070.667,738,1218.875,376.5,1338.375,371,207.75,458.375,372.444,273.688,583,1035.562,2195.25,2898.222,1166.5,1142.583,1909.667,1074.154,784
272,1314.5,915.562,568.25,629.667,1086.846,1620.385,785.125,429.594,785.083,4095,798.556,1391,483.75,1221.375,388.75,245.625,403.812,360,326.188,674.375,817.5,669.438,4095,1084.688,1184.083,1281.75,1161.5,782.625
273,1193.269,861.75,656.25,688.917,1141.115,1365.038,684.125,420.75,694.333,4095,811,1480.625,490.812,1286.188,293.417,250.875,341.625,401.778,298.625,700.5,886.188,454.938,4095,1266.688,1333.083,1092.917,1046.654,690.125
274,1068.308,970.375,537.167,583,1141.846,1206.269,735,499,898.917,3972.778,648.667,1806.875,442.125,1294.625,358.833,375,404.562,265.444,259.125,713.25,1136.312,418.938,4095,1318.312,1157.75,1126.333,1101.962,675
275,1105.115,846.75,546.083,623.167,1129,1049.654,621.375,493.281,799.583,1430.222,705.333,1440.125,422.5,1250.688,1020.083,290.875,360.5,346.111,251.375,594.75,1046.438,325.188,4093.556,1387.312,1184.917,1046.333,1302.731,679.625
276,1042.692,960.438,571.75,699.583,1022.808,1192.038,789.875,488.094,827.5,1163.222,808.444,1710.375,760,1206.75,2022.833,379.125,353.688,308.333,302.688,684.375,993.5,323.938,3164.667,1328.625,1209.583,1091.917,1455.115,972.25
277,1050.577,988.125,588,689.917,1027.115,1214.692,802.125,477.125,752.417,1127.778,804.333,1615,3379.625,1322.625,2828.5,341.125,392.875,448.778,393.438,716.25,957.875,311.938,2384.556,1338.25,1376.083,1056.25,1358.654,693.625
278,946.731,881.5,559.833,755.5,1104.923,1197.538,829.625,493.094,768.5,921.889,1071.889,1663.5,1326.25,1352.562,651.25,253,482.875,397.444,599.625,657.875,890.938,275.438,2096,1456,1296.583,1012,1521.308,733
279,909.308,966.188,754.75,701.833,965.962,1159.115,795.25,511.25,904.417,1064.222,947.111,1572.75,746.812,1339.188,293.083,260.125,335.375,336,986,687.125,754.188,420,2005.667,1286.375,1300.583,951.167,1763.923,780.75
280,880.192,1001.312,529.833,616.25,1036.308,1159.538,1220,439.875,757.75,879.889,967.889,1498.375,467.562,1303.875,327.667,277.625,554,285.778,1197.5,651.625,865.812,329.625,2084,1217.125,1396.583,1052.75,2110.077,844.5
281,906.5,922.312,687.75,710.417,961.808,1005.346,1656.875,404.125,622.917,995.333,787.333,1507.75,458.938,1342.062,271.5,404.875,3208.25,307,762.812,594.625,885.562,296.75,2289.222,1366.25,1228.083,1044.5,1999.308,781.5
282,923.038,815.812,780.667,638.333,1052.923,1138.231,1054.875,457.562,800.333,931.778,858.667,1715.25,505.125,1472.625,305.833,455.5,2828.25,369.556,324.875,590.25,953.438,297.812,2022.778,1292,1251.917,1209.083,1794.385,579.125
283,977.654,888.25,646.583,721.833,1081.423,1086.308,782.875,410.938,754.75,1008.778,807,1679.625,423.625,1557.875,335.667,300,893.688,332.556,294.25,650.125,911,313.312,2209.222,1125.375,1153.083,1204.25,1527.885,760.25
284,991.231,950.25,585.917,674.167,1213.346,1129.423,730.625,435.781,940.667,1155.778,855,1695.75,474.062,1663.125,378.583,273.25,371.312,322.556,294.562,687.5,791,375,2078.556,1058.062,1215.667,948.667,1532.269,765.5
285,967.346,933.188,568.5,568,1121.962,1195.654,694,443.875,709.333,943.667,729.778,1745.375,500.125,1895.375,267.833,273.875,355.125,280.889,370.438,542.375,725.25,327.438,2137.667,1068.438,1253.5,1133.583,1454.692,865.625
286,920,821.438,643.25,718.5,1159.077,1254.423,711.375,414.594,739.833,982.444,711,1823.375,443.938,2526.375,318.083,287.375,289.25,255.333,230.688,597.5,931,309.562,2205.111,1102.688,1308.333,1223.167,1376.846,554.5
287,918.577,887.75,654,566.25,1020.346,985.5,574.625,408.219,880.917,1192.444,836.444,1620.875,540.562,4095,236.5,288.75,336.562,326.667,297.75,679.125,844.562,416.938,1992.111,862.375,1360.917,1161.667,1200.192,710.5
288,799.077,938.125,575.75,577.667,1081.846,1074.308,707.625,466.375,850.583,850.889,714.778,1789.125,513.688,4095,333.75,291,332.438,340.778,339.25,660.625,959.562,341.75,2125.667,1020.562,1417.75,1298,1058.654,752.625
289,1226.038,928.438,786.75,663.417,1086.423,1263.769,850.375,371.906,808.25,1076,817.889,1768.625,403.5,4095,320.75,240.875,279.812,356.222,293.75,573.125,799.75,411,2052.111,1083.125,1207.083,1139.25,1056.423,652.5
290,1089.346,958.375,621.667,665.417,1057,1215.308,822.625,417.594,763.667,1100.222,736.889,1629.875,401.25,1975.312,300.667,282.125,370.438,297.111,268.812,691.75,845.125,436,2191,938.688,1340,968.917,1015.769,686.875
291,1076.615,962.5,550.333,671.75,1100.231,1236.346,713.25,430.312,800,978.222,732.111,1846.125,594.438,1548.438,377.25,258.625,396.438,354.667,356.562,608.375,903.375,387.25,2234.667,910.688,1195.167,1109.917,1025.731,817
292,834.154,918.812,593.5,679.167,1122.154,1156.385,672.625,478.188,707,1142.333,849.889,1690.5,483.625,1259,241.583,253.875,426.188,388.778,333.188,594.5,692.812,359.062,2020.333,1046.375,1335.75,1057.083,927.769,886.625
293,1089.308,936.188,629.583,705.917,1106.923,1184.346,701.375,501.562,770.583,1092,755.889,1626.375,556.938,1166.625,299.167,306.25,355.312,334.556,235.188,659,841.312,296.312,2801.222,828.875,1340.333,1048.167,1037.5,762.875
294,830,953.25,716.583,782.333,987.846,1145.192,567.25,432.688,830.583,949.444,770.556,1734.625,474.312,1112.75,238.417,293.5,373.438,366.667,301.062,638,865.688,436.062,2734.222,1048.5,1251,1186.25,1125.5,718.125
295,892.423,852.875,683.083,577.5,1059.385,1136.038,663.875,484.906,720.333,1059.667,747.444,1813.75,530.375,1249.688,337.5,224.375,299.812,285.444,332.25,549.625,784.25,419.938,2885.444,1029.438,1402,1063,1088.808,835.25
296,976.077,978.812,570.667,805,963,1204.808,592.375,489.531,803.167,971,746.667,1924.125,427.812,1165,504.333,204.25,369.875,335.444,370.938,610,867.875,350.875,2841.778,1072.062,1362.333,1071.083,1027.538,828.25
297,1050.154,941.75,488.667,657.083,1100.615,1214.154,651.625,432.625,928.167,1037.333,824.444,1845.875,480,1237.062,456.667,331.375,372.438,395.444,307.188,489.75,1074.312,387.375,2403.111,1336.812,1478.667,1061.917,1039.423,783
298,926.615,850.438,616.75,765.833,1029.077,1177.885,635.625,474.875,1007.083,1008.111,1037,1896.25,534.75,1133.938,2351.5,412.25,353.875,477.556,328.875,585,1096.125,494.125,3878,1106.188,2210.417,1037.583,1010.462,705.5
299,933.923,903.812,691.917,625.167,1063.846,1116.308,631.125,455.25,962.333,993.556,879.111,2013.625,501.562,1322.438,575.083,328.875,407.625,1620.111,347,544.75,1055.188,657.375,4095,1269,4095,992.083,1047.846,729.125
300,923.577,913.5,655.167,688,1149.077,1034.269,800.375,427.656,1124.75,965.778,996.667,2171.375,444.25,1262.875,332.167,265.75,412.25,420.222,340.25,467.625,1034.938,717.125,4095,1199.5,4095,1103.667,990.962,677.25
301,931,987.562,518,1112.083,1102.731,1118.615,744.25,463.844,1159.833,1031.667,993.111,1928.875,460.438,1425.188,384,406.125,462.375,359.778,312,755.625,1118.188,987.188,3857.333,1347.812,4003.75,1020,1084.423,847.5
302,829.308,918.125,677.75,2729.833,1071.769,1195.308,780.75,410.656,1801.417,856.889,919.333,2383.5,472.375,1143.5,385.5,199.25,365,339.556,208.312,597.5,1220.5,1170.25,2866.222,1342.812,1609.333,1106.833,1136.385,750.375
303,930,857.875,745.833,3919.417,1040.769,1249.154,629.875,446.062,4076.667,967.778,748.333,2815.625,492.438,1310.312,287.667,313.5,414.812,230.667,285.5,646.625,1167.25,983.188,2382.667,1333.062,1322.917,1168.917,1091.346,1048
304,750.846,948.375,717.667,3283.417,1116.192,1172.654,850.375,439.5,4095,1121.667,949.667,2637.25,409.062,1235.688,265.917,354.5,358.688,298.333,306.312,523,1197.938,761.188,2285,1170.375,1255.667,1431.583,1150.885,960.625
305,931.308,888.188,791,2762.333,967.5,1148.654,556.75,350.844,3459.917,993,675.222,3279.375,483.938,1270.938,348.583,318.625,394.875,445.111,378.25,574,868,589.875,2314.667,1131.25,1246,1180.333,1078.538,868.125
306,998.731,973.125,672.333,1082.083,1114.308,1114.5,658,431.5,1971.167,1152,900,3218.125,455.75,1193.375,307.833,341,403.25,356.556,326.75,543.5,953.375,500.938,2522.556,1216.188,1154.917,1088.083,1048.423,727.25
307,980.346,838.812,876.333,845.333,1058.923,1045.654,756.625,567.969,2029,1266.222,757.889,3071.75,488.75,1457.938,330.5,285.875,387.312,315.444,287.875,661.75,860.125,489.562,2377,1095.812,1114.167,983.75,1117.192,954.625
308,997.692,1040.5,795.333,614.25,970.538,1151.154,650,588.531,2496.75,1238.778,961.667,2996.25,501.5,1272.125,373.5,286.375,303.25,318,342.062,510.5,1017.438,349.062,2284.333,1094.438,1164.75,1054.5,1090.5,916
309,1117.615,984.125,757.5,636.583,1040.923,1096.962,611.875,449.375,1866.667,1185.778,940.333,2719.375,432.062,1304.188,292.417,305.375,355.25,261.889,412.375,657.5,1707.5,399.125,2171.333,1152.812,1341.083,1185.167,1074.615,751
310,1015.538,1027.25,748.25,599.583,1065.885,1239.654,748.25,422.344,1444.583,1002.111,1024,2496.125,435.5,1396,378.167,250.125,386.188,347.222,343.312,676.875,1648.688,349.375,2257.333,879.5,1283.417,1050.833,1028,688.5
311,1091.115,770.75,722.833,693.667,1083.308,1159.5,795.125,444.812,1044.25,1204.778,1105.333,2255.625,430.875,1366.938,285.25,314,371.688,381.333,371.625,662.5,1357.938,353.125,2336.111,957.188,1276.417,1166.833,1076.154,944.75
312,1199.654,1050,574.333,518.25,1748.385,1206.385,690.75,444.219,901.333,1073.111,1218.111,2573.75,459,1619.688,298,303,455.25,398.667,423.688,676,1124,381.125,2339.111,980.625,1047.083,1211.583,1080.962,731.5
313,1248.423,987.562,721,551.417,4095,1096.692,624.125,449.75,916.75,902.667,1069.778,2524.375,437.188,1562.188,449.083,219.5,421.5,271.222,378.375,632.75,1022.312,363.125,2440.556,973.812,1172.5,1101.833,1148.808,776
314,1302.538,989.812,662.667,536,3611.308,1139.654,763.25,463.812,818.083,943.778,2276,2537.75,451.688,1385.375,329.25,338.75,375,345.667,345.062,640.5,1027.625,373.562,2316.444,722.062,1174.667,1133,1197.846,957.375
315,1407.038,1046.938,644.833,683,1318.654,1237.885,784.5,450.75,848.833,1123,2125.111,2192.25,454.438,1656.125,519.667,303.5,358.75,333.889,437.938,680.25,934.062,333.625,3140.889,1034.938,1225,1040.75,1208.615,605.375
316,1631.385,940.938,683.917,656.167,1061.808,1274.423,622.625,503.75,795.917,1084.222,1913.333,2098,469.062,1866.5,484.333,310.5,403.25,413.667,350.125,658.125,885.688,285.875,3185.889,1002.125,1314.667,1043.5,1153.154,948.75
317,1605.115,986.688,645.5,572,1063.692,1163.923,771.25,483.344,802,1007.667,1838.556,2001.25,466.562,2436.938,521.917,257.875,463.25,284.333,257.812,710.375,1004.875,480,3503.556,1100,1305.333,1044.083,1033.808,3190.875
318,1346.923,997.812,750.25,654.167,1041.962,1097.692,763.375,424.156,854.583,1210.556,1594.111,1918.375,429.625,3008.875,318.083,314.625,448.938,366.889,320.562,552.375,794.375,392.688,4095,1223.25,1270.083,1053.25,1076,4095
319,1291.115,1109.688,662.833,470.417,961.038,1085.423,731.625,445.188,853.5,1023.556,1452.222,1989.625,520.5,4095,415.25,322.5,384.438,352.444,308.875,567.25,831.75,349.562,4095,1169.688,1243.333,1087.25,1153.269,4095
320,1351.808,880.125,672.083,603.083,1047.077,1188,691.25,494.812,745.833,1046,861.778,1707.875,473.812,4095,389.5,302.125,374.562,475.111,358.25,648.375,848.625,344.062,4095,1097.562,1275.5,1099.667,1156.769,4088.375
321,1411.231,851.188,671.333,605.667,1060.769,1210.115,807.375,493.5,815.417,918.667,847.333,1841.375,528.438,3925,579.5,223.75,484.812,315,442.75,572.75,886.625,408.938,3087.333,1316,1337.833,1201.667,1163.385,2611.5
322,1074.231,1011.062,860.667,654,1102.385,1235.538,689,446.5,789.917,1101.556,999.111,1740.25,560.438,1982.938,1682.083,225.25,292.438,450.889,338.062,592.875,876.75,386.312,2826.111,1172.625,1144.667,1059.083,1015.269,1133.125
323,1329.654,1058.75,945.333,650.167,1017.115,1141.038,586,481.844,777.583,1302.333,978.444,1765.25,579.938,1382.562,2749.917,322,411.688,383.444,280.438,492.375,1032.438,432.5,2361.778,1106.625,1186.167,1005.917,1019.308,680.25
324,1337.346,970.688,915.583,673.25,1095.231,1214.115,621.875,470.906,693.75,1077.556,872.667,1808.125,635.25,1285.812,999.667,267.375,469.062,577.667,328.25,521.625,1005,327.75,2338.556,1180,1103.417,1167.333,1207.846,814.75
325,1087.038,948.188,826.417,658.25,1091.769,1128.308,704.75,495.844,887.917,1013.778,818.222,1879,489.438,1312.562,347.333,1652.125,409.25,1529.889,276.375,469.125,978.438,357.75,1983.222,1205,1213.667,1145.25,1181.308,786.875
326,1233.923,1008,890.75,731.667,1102.846,1281.538,1190.125,384.594,804.25,1877,939.667,1938.125,1946.562,1156.125,427.5,1807.25,321.5,358.556,332.125,598.75,983.812,386.938,2401,1110.062,1213.333,1082.583,1242.385,712.25
327,1218,1305.938,790.25,612.75,1119.885,1167.385,2818.25,501.688,897.583,4095,869.556,1932.875,3493.125,1296.5,374.25,1682.625,429.5,304,338.75,603.5,938.812,361.75,2072.333,1096.812,1274.583,1205.833,1162.538,752.25
328,950.385,1903.25,919.917,709.667,1067.385,1284.385,2265.625,778.688,900.083,4095,795.444,1566.25,1035.312,1337.375,404.833,665.5,395.062,369.333,1480.25,560.5,880.625,394.438,2189.778,1060.625,1164.25,1075,1281.308,788.25
329,980.731,1868.312,632,663.583,1169.769,1246.385,1691.625,1907.594,868.25,3956.222,742,1853.875,480.875,1216.438,412.583,349.25,428.812,695.667,766.125,518.125,780.312,381.125,2207.222,1046.5,1130.417,1267.833,1296.077,691.375
330,991.885,1263.188,635.5,710.5,1151.962,1183.385,1041.875,1791,761.833,2837.667,626.778,1820.75,467.438,1251.5,283.417,312.875,3155.062,605.778,1069.812,594.25,870.812,348.188,2353.333,1042.188,1253.167,1299.25,1258.808,766.25
331,1109.885,1353.625,687.667,609.833,1164.769,1160.923,755.125,626.562,829.833,1280.889,874.556,1812,503.562,1324.5,357.917,262,3048.25,375.889,560.438,518.625,877.125,308.5,1873.333,983.062,1375.583,1161.5,1460.923,765.125
332,987.346,2521.438,774.333,575.583,1216.308,1190,664.5,468.969,668.417,1096,777.222,1686.125,553.562,1178.188,456.833,261.875,1455.438,406.222,443,649.25,782.625,321.5,2019,947.625,1397.167,1439.583,2276.846,798.375
333,1040.346,1663.438,670.75,694,1162.808,1174.077,664.75,476.219,770.667,1028.333,688.778,2195,466.438,1265.938,370.833,234.5,835.438,282.444,325.375,712.5,851.875,355,2221.222,992.562,1309.5,1481.083,3312.308,676.375
334,939.577,1082.5,595.833,709.583,1184.654,1190.962,828.625,460.531,929,937,876.111,1835.5,621.438,1310.938,391.083,189.625,371,299.333,345.375,3875.375,1099.375,335.562,2397.889,1047.188,1346.083,1445.5,3217.346,725.625
335,1057.269,1091.062,602.333,665.083,1242.192,1146.577,555.875,441.156,852.333,963.778,936,2006.25,446.188,1390.625,265.583,273.625,324.125,298.111,346.062,2571.875,900.875,330.812,2310,1055.375,1427.583,3095.417,2881.769,787.125
336,1070.885,919.688,635.917,620.667,1145.308,1148.192,697.25,464.656,3696.75,998,881.222,1790.25,514.812,1232.25,368.083,274.5,365.125,321.222,277.75,989.875,838.938,435.938,2305.667,1030.812,1467.667,4095,2197.231,755.375
337,1089.538,958.312,642.167,1603.167,1167.846,1132.654,915.5,476.875,4044.5,993.556,941.778,2382,573.125,1114.062,432.75,391.375,385.25,360.444,303.875,801,765.125,354.312,2256.667,1158.562,1182.833,4095,1618.731,852.625
338,933.731,938.5,715.25,3479.333,1217.385,1171.346,1737.875,404.719,4095,1047.889,711.556,1983.125,489.75,1167.188,314.5,213,307.812,249.111,320.25,576.25,832.938,377.688,1981,1294.688,1125.667,4095,1181.962,907.25
339,1113.385,952,1061.5,3805.083,1461.462,1119.346,1843.75,471.812,3057.25,1008.667,704.333,2967,542.688,1370.688,404.417,202.875,379.875,270.778,289.75,487.75,797.5,348.062,2168.778,1485,1232.083,3037.167,1230.538,1540
340,1072.346,1009.625,1271.583,3258.667,4095,1161.615,1159.75,688.062,1684.833,871.222,831.444,2734.25,508.375,1268.125,277.167,339.625,412.562,349.333,331.562,797,881.438,264.75,1904.889,1531.875,1149.25,1479.167,1257.269,4095
341,1161.154,1135.25,1278.583,1537.667,4095,1139.038,728.125,575.5,1100.75,970.667,798.667,2950.625,477,1426.812,548.5,284,405.125,315.222,359.188,549,1011.312,368.5,2345.667,1656.562,1290.417,1131.25,1147.692,4095
342,1105.923,1076.5,1148.417,978.75,4088,1014.923,599.75,445.781,740.333,1059.111,762.556,2726.25,486,1327.875,480,299.625,407.75,243,325.375,584.375,1143,386.938,2536.889,1726.188,1222.417,1473,1137.077,4068.875
343,1666.462,1017.625,809.167,644.083,3885.5,1015.5,680.75,442.469,666.75,1151.667,734.556,2389.625,465.062,1174.062,485.75,366.125,407.062,308.556,338.125,575.25,999.75,416.312,2026.778,1670.438,1211.667,1128.75,1198.808,2348.875
344,2161.192,1006.062,744.75,607.833,1500.923,1100.462,550,453.656,759.167,887.556,976,2157.375,544.062,1299,421.333,379.5,281.688,327.333,340.625,534,1114.312,674.625,2536.333,1218.812,1257.917,1119.583,1122.231,1234.5
345,3582.154,947.25,806,669.333,1207.808,1177.808,741.375,454.906,783.5,765,799.556,1796.75,443,1329.75,390.417,424.375,392.5,532.778,367.125,569,1115.562,2339.375,2178.889,1482.812,1302.167,1207.417,1190.769,877
346,2341.423,1072.688,819.833,595.5,1096.192,1127.385,732.25,451.25,812.917,1020.889,740.556,1675.875,413.438,1381.938,313.333,336.5,364.938,1578.556,301.312,673.875,1142.375,2535.625,2220.889,1237.5,1269,1073.333,982.962,678.875
347,1586.038,944.938,688.333,565.25,1000.923,1141.923,826,479.531,876.75,1069.889,850.333,1953.25,430.875,1347.188,315.25,220.375,338.375,348.111,295.438,556.375,1165,1520.625,3068.222,1168.25,1474.417,1122.083,1059.5,648
348,1148.192,1121.375,698.417,650.083,1081,1114.308,618.75,467.5,696.25,984.444,690.111,1924.5,515.125,1419.562,391,326.25,416,305.222,280.875,464.375,890,575.562,3355.889,1270.375,1573.917,1144.917,1116.731,734.625
349,1203.038,939.938,875.417,528.167,1067.846,1064.115,710.25,465,884.417,1045.667,749.889,1715.875,439.812,1478.875,441.583,296.625,346.25,299.556,331.312,662.125,937.062,418.625,3422.111,1203.625,4095,1098.917,1111.615,864.375
350,1088.423,1048.812,717.333,661.583,1083.385,1205.654,644.25,598.656,781.083,997.111,885.333,1861.875,490.188,1569.812,337.667,285.75,423.625,218.778,305.75,2296.875,733.812,333.625,3612.444,1066.125,4095,1094.75,1112.5,839.25
351,921.615,1000.938,639,596.833,1195.577,1206.038,535.125,825.469,730.5,972.333,770.889,2217.375,516.688,1820.938,318.833,314.875,479.625,354.889,379.938,3797.25,821.438,349.125,2799.889,1155.312,4095,1076.25,1057.385,876.5
352,857.154,951.062,686.917,592.583,1075.077,1096.538,694,621.312,764.25,971.667,883.778,2028.125,487.438,2463.688,332.75,280.875,397.562,297.556,354.188,1251.625,890.188,340.25,2689.889,1158,2094.833,1105,1153.154,704.25
353,857.038,1013,631.917,624.333,1110.346,1088.231,848.875,478.906,782.333,1112.667,868.667,2051.625,551.938,4009.938,382.417,335.375,393.188,277.333,356.438,679.75,863.562,345.375,2448,1197.125,1548,1165.583,1061.769,696.875
354,1140.423,1081.188,690,690.917,1291.692,1157.962,780,490.438,787.25,1117.333,978.222,2211.75,444.5,4095,2112.25,221.5,420.25,291.333,374.25,608.25,916.438,362.375,2329.333,1046.562,1304.25,1218.75,1129.154,711.125
355,1051.538,1052.312,639.333,664.417,1207.269,1304.231,781.875,439.906,792.667,922.222,1130.333,1967.75,446.125,4095,2246.167,318,433.688,329.778,288.875,488.625,865,355.625,2141.667,968.938,1177.083,1071.25,1104.654,606.625
356,984.885,989.562,697.917,584.083,1175.192,1330.654,796.25,501.406,895,1021.111,2045.444,2135.125,537,3929.875,1855.667,344.125,390.062,425.778,336.125,683.5,1020.812,392.25,2081.889,1029.062,1077.167,1331.75,1130.577,636.125
357,2524.539,950.25,692.417,640.75,985.692,1432.077,751.375,470.375,745.333,1232.444,2565.556,2118.5,511.75,1602.25,1071.917,338.75,351.625,277.333,252.875,587.125,839.125,343.875,2048,1038.875,1095.667,1054.417,1206.577,798.75
358,2600.115,1104.938,774.75,555.417,1212.808,2022.692,863.375,466.656,893.333,1122.444,2845.333,2054.625,486.5,1249,668.833,315.5,338.375,266.667,387.312,552.875,782.25,355.938,2318.889,906.875,1088.75,1118.667,1031.462,810.5
359,2104.5,1108.062,939.917,637.333,3178.269,3153,701.125,453.375,748.583,983.222,2195,2163.5,593.562,1311.688,372.667,386.25,387.438,376.556,690.188,770.125,996.562,368.5,2072,1011.75,1243.083,1178.667,1246.154,729
360,1424,1235,910.75,558.083,4095,3770.231,598.125,481.469,765,1050.222,1523.333,1614.375,556.375,1273.625,338.833,228.375,407,364.111,1377.125,748.75,895,326.75,2251.778,953.125,1015.333,1186.333,1250.923,815.75
361,1252.385,1245.75,903.25,621.083,4095,3753.615,713,364.094,864.333,1053.333,977.556,1883.375,350.812,1298.875,345.083,370.75,302.75,313.111,716.312,676,841.938,343.25,2234.667,962.375,1301.25,1212.5,1025.538,718.25
362,1175.154,980.562,1081.833,564.167,2074.731,3757.577,665.125,447.156,796,1065.889,820,1914.75,450.812,1397.75,261.5,232,423.625,401.556,322.438,741.75,1010.188,323.188,2396,939.562,1341.833,1198.083,1069.462,852.75
363,1094.423,1012.875,956.5,717.083,1267.308,3496.731,742.375,604.781,772.917,1042.889,863.333,1917.625,544.875,1296.25,340.083,346.5,367.188,396.889,304.312,556.5,984.25,354.562,2387.222,890.688,1118.083,1106.333,1480.731,721.25
364,1037.885,1156.312,1143.833,589.917,1023.5,2923.308,777.25,585.469,1063,1121.222,950.111,2197.125,478.688,1286.188,394.833,223.5,3002.125,389.222,313.938,774.375,938.625,341.188,2292.556,765.75,1228.167,1362.583,2016.154,807
365,870.731,1285.625,1037.667,683.333,1163.192,2333.885,638.125,875.781,988.583,1046.889,724.667,2563.125,436.125,1286.25,330.75,338.875,3313.5,372.333,292.188,675.5,840.125,322.438,2363.667,957.875,1241.583,1460.75,2677.615,770.5
366,882.077,1068.5,1056.667,667.667,1158.308,2043.231,810.375,793.938,852.333,1250.556,865.667,2221.25,447.688,1371.562,342.667,302.375,1694.75,335.111,302.562,590.625,935,334.938,2211,809.438,1306.25,4095,2646.577,758.875
367,887.115,1040.5,879.333,624,1145.962,1889.615,1036,521.188,847.667,1025.889,783,2669.375,564.688,1273.562,373.583,302.75,570,318.667,369.312,506.875,948.312,395.438,2380.111,953.25,1391.333,4095,2471.346,825
368,979.577,1096.812,948.917,817.667,1232.038,1545.885,2446.75,561.438,878.333,1546.556,778,3003.5,533.812,1272.875,398.667,405.125,353.812,299.333,375.562,621,998.875,311.5,3667.111,994.5,1427.333,4095,2157.154,754.125
369,937,1172.5,908.417,894.25,1404.462,1366.192,1770.875,566.5,762,4095,787.778,2838,513.562,1279.438,2104.417,298.125,370.125,333.556,400.625,697.375,819.125,329.562,4095,998.688,1169.917,1962.833,1673.462,716.75
370,1146.885,1151.375,813.667,832.167,4095,1299.615,1788.875,497.875,945.417,4095,736.111,2479.75,596.312,1298.562,645.083,486.375,369.75,1359,312.375,573.875,1041.375,328.562,4095,866,1153.333,1262.917,1448.769,823.75
371,1146.885,1054.25,841.917,740.583,4095,1168.154,852.625,548.125,821.917,4095,729.889,2707.625,683.938,1294.812,365.25,1636,431.062,439.111,316.125,640.625,1034.062,397.062,3903.111,1013.625,1179.5,1271.333,1266.808,621.375
372,1427.885,1185.062,751.083,816.583,3935.077,1145.615,883.75,461.5,740.333,2166.778,723.444,2021.75,514.562,1195,260.917,1759.25,355.625,370.889,304.438,627,941.188,360.312,2836.889,977.75,1292.917,1262,1081,827.625
373,1592.077,1104.938,742,744.833,2082.885,1230.115,814.875,496.781,808.583,1369.444,844.889,2319.625,453.812,1241.375,420.083,586.875,343.875,284.889,351.688,568.625,1127.125,379,2482.111,852.375,1275.583,1248.75,1102.538,821.75
374,1490.385,1123.688,728.75,521.25,1218.077,1236.462,685.875,466.5,1010.75,1019.667,786.111,2189.875,430.188,1335.688,318.583,283.625,353.375,264.778,1099.438,570.125,939.188,337.062,2230.889,959.875,1220.25,1037.333,1123.769,848.375
375,1389.769,1223.125,602.5,658.167,1128.385,1285.462,724.375,418.312,817.917,1087.778,807.444,2099.5,474.5,1184.875,376.5,232,336.938,298.444,434.625,746.875,781.312,380.812,2274.889,908.438,1152.333,1113.083,1101.385,686.75
376,1119.885,1006.125,631.417,591.667,1129.692,1255.808,740.375,447.562,863.417,919.222,824.333,1635.125,545.75,1289.25,361.833,286,319.688,367.667,340.562,755.5,935.188,337.625,2134.556,1073.438,1424.917,1109.5,1087.308,809.75
377,1301.192,995.5,551.167,699.5,1183.538,1078.038,787.5,530.031,887.5,931.333,673,1972.625,451.25,1230,1324,329.75,310.375,340.444,349.688,580.875,838.5,375.25,2150.111,1061.312,1304,1223.75,1135.115,839.625
378,1150.423,1108.25,693.417,696.667,1240.846,1159.962,796.5,522.781,978.667,885.778,908.778,1845.5,480.312,1248.688,1255.417,234.125,351.188,300.111,356.125,665,922.688,300.5,2351.556,1057.5,1202.833,1072.5,1126.692,853.375
379,960.923,869.438,593.75,700.25,1190.923,1099.231,791.5,487.719,1368.833,1078.333,775.667,1713.625,422.438,1296.438,440.583,277.5,341.812,341.222,301.688,627,928.625,328.5,2048.222,1057.438,1417.083,948.583,1106.231,861.75
380,949.731,1046.5,508.917,695.75,1145.192,1244.846,768.875,469.094,4020.083,1043,814.556,1677.875,420.875,1344.312,388.583,260,333.75,419.444,330.375,730.125,962.125,371.125,1993.667,1074.25,1249.333,1179.25,1181.154,872.75
381,869.192,960.188,639.167,2348.917,1119.577,1176.038,922.375,487.281,4034.917,707,863.556,1802.125,540.875,1210.562,414.583,265.75,378.562,335.111,355.75,702.75,855.125,367.625,2009.556,1038.25,1305.667,1228.083,1036.731,849.125
382,917.769,966.312,689.333,4025.833,1241.423,1278.923,679.75,482.25,4026.667,862.667,985.444,1674.5,472.812,1228.438,292.583,324.125,442.5,350,296.875,639.375,972.875,514.75,2106.111,1077.875,1478.333,1195.167,1161.731,870.25
383,845.385,987.375,619.25,3316.917,1121.192,1140,1782.375,449.156,2739.833,1010.333,712.556,1896.625,508.5,1343.5,358,269.125,405.312,327.111,302.75,702.125,925.25,379.625,2004.667,1186.875,1236,1087.667,1084.308,998.125
384,880.615,929.062,754.167,1924.417,1124.769,1118.115,1721.5,417.219,1600.833,926.111,767.111,1992.75,552.25,1355.188,417.833,218,345.562,354,424.125,671.875,997,406.375,2163.667,1219.562,1329.833,1147,1139.231,1036.25
385,891.731,1022.438,626.333,1086,1048.192,1248.462,1220.5,502.688,872.583,1007.111,650.222,2173.625,470.188,1434.125,270.583,263.375,444,341.111,378.5,460.75,879.625,432.438,1879,1222.75,1331.583,1275.083,1225.231,1295.125
386,835.192,1094.875,594.5,691.333,1214.154,1109.038,857.625,414.594,866.25,1095.667,911.889,2307.75,442.938,1353.125,359.667,279.125,362.875,299.222,324.812,577.125,879.5,377.75,2271.444,1275.312,1274.167,1197.833,1048.231,1429.75
387,788.615,1195.5,696.25,625.083,1143.154,1072.462,726.875,419.5,791.833,942,880.222,2181.125,405.75,1250.5,345.083,300.25,445.5,303.889,434.438,649.5,927.125,323.375,2136,1030.25,1094.333,1307.167,1073.654,1457.75
388,926,1317.438,689.75,668.167,1391.308,1145.577,738.375,422.094,815,1154.111,863.778,2141,390.875,1303.812,239.167,292.75,2906,289.667,335.562,576.25,1107.688,338.188,1982.556,1132.562,1171.333,1139.333,1190.538,2118.75
389,802.846,1459,692.5,602.5,1228.385,1143.962,763,873.969,796.5,1056.444,684.667,2015.75,469.188,1518.062,363.667,698.5,2593.188,364.222,262.062,717.375,938.125,421,2119,1239.812,1222.667,1165.167,1152.077,3999.875
390,964.462,1257.562,672.5,725.083,1281.154,1132.538,819.875,1528.562,883.083,1062.889,782.444,1940.25,472.5,1424.688,387.75,1234.875,809.75,317.444,378.5,624.375,964.812,290.062,2300.444,1327.438,1319,1268.667,1039.692,4095
391,834.846,1279.562,689.917,579.75,1107.423,1231.538,877,801.25,770.417,899,677.556,2043.5,468.875,1354.062,395.917,1052.375,415.438,360.333,350.25,625.625,967.688,356.812,2467,1051.562,1216.417,1127.917,1218.615,4095
392,819.346,1220.938,642.25,668.75,1352.308,1318.769,824.25,462.188,778,1070.444,918.889,2000.125,535.188,1333.062,305.167,901.625,423.812,319.556,318.188,661,778.188,354.812,1931.111,1214.625,1171.167,1192.5,1142.346,4043
393,780.962,1109.375,761.083,583.167,1529.885,1256.462,784.875,446.812,815.417,1078.444,1166.667,1866.75,503.25,1383,338.5,357.75,434.125,329.333,354.625,754.25,886.688,380.938,1863.667,1252.375,1310.667,1193.917,1147.808,3630
394,769.423,933,685.417,625.917,4095,1203.423,854.625,493.094,820.917,1011.444,1390.667,2030.375,424.5,1411.625,415.583,225.375,295.125,296,315.312,414.125,889.5,623.375,2235.333,1171.688,1301.25,1401.667,1166.038,1762.625
395,847.731,993.875,611.25,635.583,4095,1112.808,998.625,421.438,736.417,1085.556,2108.778,1995.125,404.438,1338.438,312,231.75,382.125,287.444,284.625,508.625,783.312,622.25,2180.111,1060,1354.75,4095,1153.192,1003.75
396,843.731,1061.125,655.667,739.417,3663.769,1143.385,1907.375,443.344,740.167,1125.333,2250.667,1636.375,437.062,1398,342.333,391,379.5,336.333,626.062,614.5,918.5,948.438,2188.778,1064.312,1245.25,4095,1232.038,889.875
397,1091.269,1018,760.167,619.083,1417.462,1144.154,1629.25,435.062,791.75,1288.111,2143.111,1995.125,444.438,1501.375,395.583,287.625,428.125,334,983.75,661.25,861.312,1955.188,2133.556,1016.062,1411.833,4095,1048.385,913
398,1163.385,1102.375,768,684.333,1061.885,1245.654,1004,466.344,848.917,1095,1719.778,1907,459.812,1516.938,276.583,225.875,424.938,1338.667,942.688,513.625,940.688,2237.812,2084.111,1009,1400.75,2079.917,1195.538,933.375
399,1152.462,1075.562,642.083,549.417,1046.885,1329,964.875,479.562,875.083,1079,1219,1843.75,440.875,1597.938,453.917,325,369.25,428.222,471.125,598.25,1124.312,1232.75,2184,1105.438,1625,1264.833,1175.115,833.75
400,1145.269,1080.562,713.083,1982,1101.615,1377.192,4095,4089.406,4095,4095,4095,4095,3998.75,4095,3314.083,2519.25,2270.75,2088.889,2456.938,4053.5,4095,2823.25,4095,4095,4095,2532.833,2567.308,4095
401,4090.692,3567.188,4095,3472.583,4095,4095,4095,3127.531,4095,4053.111,4095,4095,2232.5,4095,3385.417,1479.875,841.438,1457.444,1698.312,2358.5,4095,3091.125,4095,4095,4095,2884.583,4095,4095
402,3225.423,3734.125,4095,2488.167,4095,4095,3996.375,2677.344,4095,4095,4095,4095,1424.625,4095,3224.75,1138.375,963.375,1818.778,1484.875,2064,3527.062,1143.625,4095,3788.812,4095,3750.417,4095,3973.75
403,3023.461,3718.188,4095,2653.5,4065.885,4095,4095,2388.562,4067.25,4095,4095,4095,1627.75,4095,3526.167,1169.625,917.625,1941.667,1466.312,1712.625,2447.062,1290.25,4095,2769.688,3960.583,4095,4095,3634
404,3036.654,3841.812,4095,2669.417,3593.577,4057.461,4095,2461.219,3971,4095,4095,4095,1488.5,4095,3602.667,935,939,2183.778,1612.688,1927.75,1707.125,1026.75,4095,2569.875,3617.417,4095,4095,2959.125
405,3204.615,4029.75,4095,2400.833,3366.692,4051.808,4095,2146.719,3270.75,4095,4072.889,4095,1605.938,4095,3643,748.625,1077.375,2782.667,1381.438,1935.625,1288.812,903.125,4095,2085.062,3177.167,4095,4095,2131.5
406,3289.577,3958.625,4095,2313.833,2671.5,4046.269,4095,2556.812,2622.5,4095,3658.444,4095,1570.25,4095,3005.417,684.75,996.125,3124.333,1302.188,1947.375,1083.562,731.562,4095,1894.125,2930.75,4095,4095,1538.5
407,3175.115,4095,4095,1566.417,2308.885,4049.961,4095,2818.406,2383.583,4095,3630.667,3804.25,1308.875,4019.812,2357.667,607.75,910.938,3542.333,1165.625,1910.125,861.938,619.812,4095,1812.812,2563.5,4095,4095,1034.25
408,3224.846,4095,4095,1512,2130.961,3977.846,4095,3361,2317.167,4095,3440.444,3847.75,1296.375,4009.438,2233.75,676.25,969.812,3346.889,1396.75,2201,976.812,643.375,4095,1908.75,2697.333,4095,4095,922.25
409,3204.808,4095,4047.167,1693.417,2382,4010.577,4095,3650.188,2444.417,4095,2847.111,3865.5,1411.438,3900.688,1999.333,719.25,964.375,3579,1419.812,2363.875,1004.812,915.438,4095,2090.625,3022.25,4095,4095,1194.625
410,3258.577,4095,4006.833,1712.5,2408.615,4029.577,4095,3682.625,2425.167,4095,2796.333,3668.75,1324.812,3923.438,1663,708,1005.438,2999,1371.938,2061.375,1147.562,800.25,4095,1891.438,2830.75,4095,4095,1071.5
