1,1893.476,2633.583,1432.688,650.188,533.812,1359.312,467.048,813.375,605.667,511.312,555.65,277.219,249.85,89.038,501,598.167,477.909,553.346,1065.438,2306.167,311.182,1751.312,1623.929,1207.091,533.55,1257.269,704.577,568.692,464.6,258.1
2,1896.143,2904.75,1067.062,627.312,2235.75,1416.062,1972.619,669.938,514.167,427.188,592.1,247.938,218.65,123.154,404.5,1839.333,615.545,574.423,919.562,2525.833,219.364,1681.562,2324.428,1322.636,658.3,559.308,848.654,3754,378.45,344.2
3,1928.476,2583.667,1163.062,582.188,758.625,1407.812,1555.19,664.938,525.833,430.5,503.15,276.906,177.5,89.192,423.083,458.083,395,572.154,1087.125,2340.417,169.091,1901.25,2904.714,1279.455,781.15,393.808,866.538,3778.923,465.65,329.55
4,1820.714,2536.333,1122.812,708.938,256.5,1448.812,643.81,732.938,538.5,415.312,560.6,276.562,187.6,114.769,438.75,404.083,561.273,646.385,1090.5,2421.25,185.455,2980.312,3491.428,1209.364,613.65,347.769,987.769,1977.5,395.4,414.45
5,1918.762,2577.5,1386.5,1426.562,268.25,1386.438,460.238,629.375,456.167,512.438,490.35,209.594,246.3,106.538,429.417,475.917,597.818,593.538,1082.688,2334.25,239.818,3942.125,2909.714,1047.091,722.95,381.962,929.846,707.538,419.75,309.25
6,1924.238,2173.167,1397.812,1248.062,296.812,1482.438,498.095,728.188,582.833,409.562,519.4,250.031,289.05,117.308,409.583,496.417,556.818,618.962,1190.625,2343,171.455,3814.125,2193,1226.909,722.1,375.385,852.346,465.731,428.4,329.1
7,1935.381,2301.583,1137.125,1035.75,264.438,1599.625,411.952,613,431.583,542.812,550.3,295.719,174.35,61.615,445.583,634.5,510.818,520.346,1113.5,2325.917,181.455,2843.875,1871.857,4095,978.8,458.462,916.308,531.231,412.8,393.95
8,1864.429,2217.25,1041.312,794.875,348.188,1455.125,486.619,705.062,482.75,575.125,468.1,266.656,146.95,75.423,307.167,442.25,571.455,575.615,1030.25,2089.333,175,2022.438,1172.857,1255.636,1005.9,404.462,915.577,568.692,387.55,404.9
9,1967.381,3700.167,998.5,570.438,313.562,1175.125,461.571,606.938,505.583,584.188,529.15,233.281,225.6,46.538,408.583,486,624.091,547.423,1076.5,2260.583,276.636,1237.875,1090.429,1089.818,1458.3,431.846,831.423,485.615,430.4,421.65
10,4095,4014.167,1142.938,604.812,278.312,2287.812,540.619,726,557.583,580.375,629.65,269.375,206.9,56.692,505.25,498.667,614.909,599.654,986.938,2190,254.545,1349.5,989.286,1271.909,2359.35,390.962,951,457.269,380.4,386.15
11,4095,3689,992.312,561.062,284.312,1529.5,2117.905,726,495.333,515.938,550.35,305.094,175.65,63.962,631,985.667,608.091,641.808,994.562,2337.583,189.545,1634.562,956.214,1137.545,2328.65,462.385,877.192,553.769,445.25,288.2
12,2730.19,3173.417,1322.25,492.062,241.625,1514.562,632.952,722.75,510.333,635.125,558.75,255.031,195.2,88.808,602.25,613.833,2435.818,606.962,1217.25,2367.167,171.636,1489.562,901.929,1116.273,1995.85,348.5,962.231,464.385,429.15,434.15
13,2026.333,2584.667,1387.688,658.875,336.188,1480.688,503.429,576.438,569.917,1031.438,632.9,292.375,206,67.077,888.333,606,3994.273,674.038,1171.688,2236.25,197.091,1482.5,1002.214,1566.091,1336.6,437.808,859.462,476.731,437.6,429.8
14,1956.19,2368,1176.688,593,268,2029.562,509.762,572.688,735.417,2618.875,565.95,252.031,170.9,100.962,1488.583,862.5,3449.364,636.5,1160.188,2186.667,252.727,1487.75,1093.714,1129,972.1,450.808,1000.692,450.038,458.75,697.9
15,1989.857,2331.583,1319.375,639.938,306.438,3735,479.905,755.875,576.5,2288,2843.2,235.719,195.85,96.962,821.083,1042.5,2245.909,523.5,1052.062,2643.917,225.455,1818.938,1155,1332.545,708.85,444.115,907.692,486.077,1870.25,642.45
16,1903.714,2777.833,1564.062,635.312,258.125,3398.062,551.762,670.25,545.417,2197.562,3073.9,296.094,192.25,81.308,441,356.833,1618.909,604.615,1054,2264.75,333.091,3586.625,1070,1421.818,588.8,448.269,946.885,469.615,1238.05,511.75
17,1896,2802,1181.375,681.688,334.938,3859.812,443.524,755.688,629.083,841.75,3024.3,260.188,216.2,99.654,401.667,543.5,914.545,574.692,1129.562,2244.583,176.273,4020.875,1200.857,1455.909,503.7,502.115,884.077,566.808,1037.75,322.65
18,1858.286,2643.083,1332.938,780.938,323.75,3715.562,504.286,685.5,577.417,607.375,1747.6,255.5,196.95,87.115,530.583,924.75,700.545,576.269,1077.5,2144.5,309.545,3933.312,994.857,1118.818,626.2,699.654,909.462,483.615,612.05,382.6
19,1836.667,3176.917,1074.938,566.625,375.438,1970.562,495.667,917.125,590.667,549.375,650.2,275.406,166.55,76.346,406.5,604.917,657.091,604.538,1252,2251.583,214.545,2268.5,999.857,1317.273,600.45,397.615,866.115,570.808,399.6,358.1
20,1922.286,2831.417,1121.375,563.688,290.625,1910,542.048,1627.25,525.75,508.562,636.75,299.375,195.05,79.692,389.75,465.333,547.091,668.846,935.625,2201.417,197.818,1938.938,968.571,1203.909,650.85,457.308,903.808,537,370.7,336.4
21,1806.095,2788.667,1727.5,573.438,1853.25,3267.875,1810.905,2932.5,588.167,495.062,619.65,284.938,222.25,89.115,496.75,422.417,499.364,3750.808,1051.938,2353.667,214.273,1642,1017.643,1173,614.5,433.462,1021.577,488.231,404.35,384.5
22,2029.714,2774.417,1217.75,664.25,955.25,2215.938,847.762,1830.625,506.417,441.188,530.3,269.344,183.45,105.192,479.5,1011.75,598.545,3460.885,1080.938,2326.5,237.636,1733.125,1309.714,4095,669.3,457.846,903.077,549.538,406.4,349.2
23,2041.714,2646.333,1465.812,580.312,350.688,2821.312,1676.667,1527.062,545.833,418.938,590,275.781,182.15,67.231,481.167,472.333,577.182,2247.461,1076.875,2520.25,162.455,2115.062,1206.214,4095,679.15,403.654,945.769,508.154,598.05,296.1
24,1975.143,2679.5,1136.562,589.562,237.188,1993.25,547.286,1184.75,573.667,434.375,606.9,297.469,248.25,78.962,539.75,548.75,536.455,832.577,1158.625,2630.833,262.545,3510.5,1045.857,1474.909,594.35,455.423,897.923,541.731,457.05,401.85
25,2092.19,2769.833,1088.5,614.062,292.812,2115.812,456.238,1104.75,569.083,453.25,526.4,234.156,238.4,120.577,403.167,425,457.364,603.5,1048.188,2584.5,195.182,3431.438,1060.071,1209.909,643.15,1025.077,831.423,448.692,446.4,351.8
26,2119.762,2922.5,1061.938,662.375,339.625,2014.938,488.571,1566.75,559.083,557.125,622.45,253.938,198.9,126.077,551,437.833,547.273,710.269,1144.062,2763,302,3504,1081.357,1161.182,647.15,443.962,871.615,487.885,466.9,262.5
27,2140.381,2738.75,1118.5,607.438,348.062,2122.688,526.238,1319.25,624.667,448.125,554.95,315.969,214.1,174,559.083,1098.333,538.364,591.923,1181,2597.083,276.364,2028.938,1027.929,1356.182,673.45,418.808,992.923,565.462,466.3,343.05
28,2071.81,2900.167,1115.438,713.312,347.312,2301.812,433,1302.25,682.167,472.938,617.1,267.906,231.4,231.615,578.667,518.833,606.273,643.885,1088.5,2657.417,220.364,1445.875,1078.714,1087.091,622.4,440.462,884.115,453.769,384.4,386
29,1983.905,3573.083,1119.375,686.125,315.875,1939.812,464.81,1280.75,606.583,414,557.1,299.469,222.6,169.962,868.333,560.667,456.545,656.115,1176.25,2410,187.182,1637.938,1195.5,1276.182,642.25,405.077,848.731,554.769,401.5,432
30,2130.428,3134.417,1286.25,656.688,292.75,2935.5,520.571,1174.688,508.917,444.438,616.3,305.625,239.55,158.654,1219.833,510.667,465.455,657.769,1122.188,2629.5,281.636,1410.562,1323.5,1113.727,736.15,472.269,898.269,467.808,565.3,399.7
31,2747.952,2645.75,1202.562,700.25,300.562,1931.5,453.81,1281.75,601.417,479.5,547.25,310.031,207.8,462.654,768.167,490.417,634.545,553.769,1147.875,2497.667,237.091,1617.5,1353.071,1137.091,749.25,419.615,823.615,519.615,1651.35,311.75
32,4095,2602.167,1176.625,751.375,343.625,2023.438,534.81,1048.5,547.333,478.75,571.85,382.844,203,548.885,574.083,399.75,601.273,576.346,1083.188,2977.333,231.364,1507.375,1961.857,1345.364,919.5,431.269,842.077,516.577,1722.35,301
33,4095,2728.667,1228.25,734.812,290.062,1600.875,1852.81,1019.625,664.583,431.938,604.2,1002.094,245.4,300,518.75,602.75,408.727,665.962,1238.562,2768.25,203.273,1401.562,3140.357,1174.273,766,405.231,934,517.385,1439.25,328.9
34,2594.667,2930,1141.562,605.062,318.125,1746.438,680.19,811.875,486.75,419.438,510.1,1341.125,208.3,131.077,403.583,589.25,531.727,685.346,1108.5,2986,188.455,1542.938,3324.214,1273.909,1258.05,415.615,966.692,453.846,420.05,347.15
35,2020.095,2717.583,2185.375,546.312,250.188,1783.25,448.048,838.5,446.75,483.812,595.55,1086.719,235.65,82.962,481.167,582.583,496,662.154,1302.625,4095,321.364,1455.5,2827.572,1196.636,1430.4,1774.962,866.385,502.538,593.7,423.7
36,1890.905,3271.75,1078.438,614.938,341.062,1764.875,446.429,726.25,595.333,459.938,538.25,730.094,255.5,90.192,442.75,608.917,542.091,572.885,1161.375,4095,251.727,1798.625,2266.5,3956.636,2701.35,514.615,1051.5,510.885,674.15,417.35
37,1853.857,3087.833,1292.562,686.688,411.812,1684,482.952,754.312,798.917,553.375,521.95,542.219,250.95,75.885,474.333,1691.5,416.273,688.962,1091.125,4095,253.273,2144.438,1666.929,1374,2914.9,428.654,927.885,515,397.25,988.8
38,1938,2992.167,1335.75,643.625,343.688,1705.25,498.81,717.25,640.25,600,594.65,334.969,245.25,97.462,508.333,355.833,505,653,1068.812,4095,214.455,4077.438,1507.286,1253,1980.25,383.192,917.385,547.692,419.45,738.55
39,1845.714,4017.167,1146.688,754.938,290,1880.938,520.81,722.188,704.833,510.812,518.2,242.5,213.4,94,523.333,515.917,531.182,644.423,1128.312,4095,265.909,4095,1268,1223.909,1139.6,482.269,1024.885,585.192,381.45,553.8
40,1802.381,4095,1307,558.5,412.938,1472.125,424.857,624.875,575.25,650.75,606.65,277,291.75,102.577,559.917,380.25,583.909,606,1212.625,3442.167,257.818,3831.688,1210.071,1245.727,785.05,490.577,912.731,507.115,457.4,392.15
41,1913.476,4095,1130.875,644.375,306.875,1512.625,479.429,689.75,572.25,817.438,563.5,296.75,230.75,90.154,705.5,461.75,572.091,733.077,1325.75,2586.917,161,2263,1002,1230.636,710.8,462.154,1379.5,585.808,580.3,394
42,1928.905,3781.25,1340,659.438,267.375,1609.562,2108.143,613.25,513.917,2812.938,596.5,294.625,247.1,108.077,751.333,370.583,502.545,1022,1251.938,2637,179.545,1536.812,1113.5,1133.545,624.55,484.115,3472.923,564.577,503.35,337.6
43,1962.381,2973.75,1273,634.938,284.5,1314.438,1830.619,734.938,667.667,2565.812,514.7,306.469,300.45,114.731,812.583,410.667,410.636,3630.731,1074.812,2246.417,228.091,1383.438,1007,1322.545,591,496.5,3573.885,426.269,427.75,314.85
44,2171.762,2807.917,1352.625,674.625,316,1384.188,539.333,691.188,657.667,1989.75,600.6,218.344,259.9,100.885,636.5,467.417,559.545,3530.961,1114.062,2320.167,191.818,1460.438,1087.429,1503.182,636.6,462.423,2673.269,488.654,442.4,366.3
45,2036,2728.333,2355.938,765.375,337.562,1426.688,412.19,594,544.833,999.938,576.65,298.656,270,73.308,533.333,545.083,488.727,2543.385,1279.188,2354.833,260,1650.625,998,1277.182,684.95,390.423,2417.269,595.923,478.2,345.85
46,2430.048,3601.583,1395.188,778.375,282,1494.562,561.286,753,584,593.125,572.35,256.469,333.2,76.5,561.833,362.75,616.636,2426.461,1197.625,2584.333,248.182,1552.812,1185.357,1314.818,533.4,404.731,1725.692,527.192,475.8,382.9
47,4095,2974.75,1399.625,634.125,273.938,1436.562,480.143,817.125,653.417,469.688,595.3,275.906,399.9,94.538,462.333,543.667,577.909,1806.731,1178.188,2299.417,232.182,1465.375,983.214,1085.273,671.8,443.923,1202.115,426.846,392.8,595.65
48,3965.762,2871.417,1233.875,695.438,306.562,1391.562,1711.905,705.562,641.5,517.5,556,263.812,1434.9,91.385,433.167,544.083,652,811.192,1596.562,2438.417,278.545,1423.875,1043,1265.818,575.9,489.808,954.5,524.231,509.8,480.35
49,2241.952,2629.333,1246.25,598.438,277.062,1608.75,1659.714,734.188,688.667,361.188,523.55,235.5,1467.1,78.077,539.833,535.917,549,620.923,4095,2213.333,353.818,1472,1036.571,1505.818,748.5,478.192,845.808,473.615,517.15,573.05
50,2176.619,2806.75,1109.5,744.188,348.312,1575,425.238,740.312,524.25,527.312,644.7,262.781,595.35,86.808,451,479.917,504.727,586.077,4084.75,2431,259.636,1264.438,1044.857,1072.545,631.1,408.115,824.423,550.577,1592.05,589.45
51,2023.857,3002.833,1102.25,681.688,341.312,1517.062,545.667,713.188,624.25,503.75,537.3,262,301.65,61.808,427.083,493.583,611.455,543.077,4095,2515,254.909,1668.562,958.571,1161.364,624.15,390.115,883.462,547.885,750.6,810.95
52,1989.667,2854.75,1141.625,707.062,312.938,1562.188,497.619,633.5,1761.5,496.062,494.45,283.562,268.1,67.308,524.333,589.333,520.273,629.115,2969.625,2149.75,299.818,3589.875,1249.643,1336.909,641.1,1167.538,824.5,481.962,395.05,894.55
53,1927.952,3605,1294,564.375,354,1636.5,439.048,723,2852.5,561.875,623.15,284.906,228.2,73.115,464.833,472.167,439.727,630.692,1192.562,2244.083,303.455,3917.875,1102.929,1967.636,640.7,419.654,788.538,498.923,413.2,719.3
54,1932.524,3277.917,1319.875,644.062,334.562,2001.188,453.952,562,1823,505.5,544.45,284.969,237.4,86.115,473,555.833,528.818,599.769,1034.25,2209.75,230.091,3940.062,1054.429,2245.545,654.55,476.154,844.692,548.962,371,511.05
55,2019.714,3253.917,1154.062,693.5,1823.25,1476.812,473.048,742.938,1033,499,530.2,279.094,240.1,113.154,447.75,468.583,544.636,594.5,1023.438,2202.333,290.818,3363.938,1268.357,1119.455,610.2,443.077,922.231,3820.192,414.05,1078.7
56,1878.714,2774.5,1051.188,627.75,1689.562,1543.562,488.762,705.5,531.667,505.062,658.3,279.531,210.75,95.269,577.25,317.417,517.455,575.846,975.562,2275.25,262.909,2322.188,1868.214,1089.727,708.7,411.038,832.846,2425.423,389.05,1302.85
57,1852.905,2732.5,1045.312,811.688,514.562,1357.875,1496.048,700.688,600.583,627.312,639.5,252.5,187,101.423,586.5,455.917,581.273,524.538,1234.625,2222.083,259.091,1419.5,1703.643,1356.545,698.55,493.192,879.385,721.692,386.35,1368.2
58,1780,3133.417,1292.75,670.812,403.312,1510.25,1247.238,736,400.5,568.062,609.2,296.312,279.25,73.885,513.333,519.25,503.273,649.115,1008.125,2245.083,255.364,1474.375,1597.5,1300.364,724.55,452,883.385,480.615,440.8,362.85
59,1812,2844.417,1093.625,693.75,345.25,1547.312,427.095,753.688,544.833,530.125,544.75,284.219,283.3,82.692,439.417,389.917,586.545,552.423,1109.125,2486.833,257.545,1486.562,1278.214,1196.182,629.05,488.808,820.077,544.846,324.5,372.1
60,1744.619,2675.5,1182.562,630.688,286.812,1404.688,499.238,729.312,466.417,501.062,587.6,250.875,241.05,90.154,623.5,449.833,590.455,548,1165.5,2319.5,218,1509.312,1295.857,1264.909,707.1,448.038,917.038,463.308,518.05,365.35
61,1858.905,2629.417,1165.875,661.25,301.812,1491.688,430.524,696.188,549.833,402.75,627.4,255.688,298.9,95.5,526.75,405.833,666.091,592.154,1096.438,2092.333,182.091,1618,1426.286,1482.364,739.6,404.577,962.308,524.231,1444.85,394.3
62,1935.048,2867.417,1133.938,863.5,291.5,1457.938,572.81,703.188,551.083,555.938,587.85,283.156,234.65,85.269,450.333,659.833,570.182,591.846,1014.438,2082.167,204.818,1486,1149.857,1158.273,670.95,383.615,824.077,508.615,1664.9,398.6
63,1860.381,2478.5,1142.312,979.688,289.688,1498.25,451.571,739.812,473.25,669.188,533.8,277.156,220.4,99.038,820.333,491.25,502.455,628.423,1102.938,2415,331.909,1549.562,1160.929,1277.364,737.9,437.308,933.346,454.038,612.9,297.75
64,1796.381,2701.917,1199.312,1225.688,263.812,1472.312,461.619,744.125,563.667,636.625,613.25,297.375,273.1,85.5,1272.417,434.917,594.818,614.615,1041.438,2091,262.273,1386,1246.643,1106.636,680.9,440.192,870.962,415.577,1113.4,322.85
65,1786.381,3123.583,1122.625,1221.062,342.625,1586.312,477.429,713.75,574.417,509.188,602.5,261.031,217.1,81.846,892.333,801.417,583.273,568.231,1056.188,2311.833,254.455,1511.562,1717.429,1206.545,845.4,448.5,812.154,512.154,507.45,324.75
66,1902.095,3570.833,1187.188,795.25,335.75,1465.688,1858.19,880.375,614.667,573.062,591.5,305.969,201.35,103.923,441.25,419.667,674.182,596.731,1017.062,2359.667,243.182,1622.5,3187.786,1167.727,1120.4,364.846,887.962,454.885,423.45,340.25
67,1962.905,2974,1057.812,655.062,367.25,1673.75,1705,2699.062,497.417,507.938,552.2,315.969,226.2,89.346,387.167,494.833,577.727,639.808,1184.875,2347.333,275.273,1608.625,3098.857,1405.636,1858.05,448.423,1049.923,468.346,409.75,293.7
68,2019.19,2786.167,1037.312,526.562,312,1465,484.095,2691.688,519.583,534.75,579.25,301,261.85,86.038,391.333,571.083,552.455,678.923,985.375,2303.25,175.909,1731.75,1836.357,1231.364,2944,505.154,993.808,613,454.75,326.15
69,1773.714,2635.25,1473,663.438,362.375,2065.625,485.19,2590.562,650.083,401.812,562.25,311.031,221.85,116.077,443.083,505.333,541.545,620.115,1234,2214.5,321.727,3475.938,1592.571,1304.273,2559.6,405.923,993.038,509.808,470.65,360.9
70,2024.524,2652.25,1191.812,563,321.312,1522.5,478.143,1728.125,504,508.875,540.5,330.25,194.35,104,389.583,427.917,506.273,714.885,1319.125,2293.667,276,3957.312,1515.429,4095,2361.55,416.577,918.577,472.308,418.8,373.25
71,2186.762,3702.333,1194.438,582.375,342.875,1494.25,476.476,1670.625,541.833,695.938,575.45,413.531,207.85,128.923,462.167,450.667,599.091,595,1123.25,3970.083,323.273,3904.312,1256.357,2589.545,1196.35,433.038,921.538,572.769,430.35,390.35
72,2191.143,3948.75,2019.812,639.438,323.812,1611.812,468.381,1614.125,651.167,2348.375,612.05,852.906,181.35,110.885,420.417,514.25,419.182,665.846,1247.562,4095,355.727,2478.875,1062.143,1348,722.55,362.385,999.692,509.808,395.5,1213.85
73,4095,3890.083,1163.812,625.375,311.312,1591.438,452,1176.812,751.083,2364.375,549.45,1280.562,245,127.192,430.167,630.667,498.727,623.231,1067.125,4095,1293.182,1506.812,1063.429,1280.545,592.2,430.346,1027.577,588.731,460.55,449.7
74,4095,4095,1320.312,691.625,294.562,2423.125,452.143,1306.812,1951.333,2355.438,592.4,1179.625,213.7,103.385,344.5,537.417,517.455,646.115,1120.25,4095,1329.636,1374.188,968.786,1239.909,589.25,502.577,965.5,515.308,412.8,422.1
75,3196.333,3424.833,1077.812,581.938,231.562,3517.938,536,1198.875,2337.333,844.75,543.85,795.125,228.1,63.269,500.667,873.917,523.909,651.269,1158.188,4095,525,1508.062,1057.571,1063.455,641.65,446.423,992.769,567.423,547.1,297.3
76,2018.524,2916.917,3003.875,647.062,267.062,2237.875,2189.048,1089.125,838.167,695.875,582,561.094,217.6,107.192,475.167,521.75,555.727,631.269,1360.438,3160.5,227.455,1425.5,978.286,1405.727,609,424.308,998.846,507.846,382.3,404.35
77,1972.905,2953.833,1206.5,555.562,330.188,3601.188,1188.714,947,521.083,571.625,576.95,301.719,231,103.885,543.25,467.833,601.273,572.346,1779.75,2522.167,262.455,1458.125,1043.214,1466.909,638.75,504.962,1017.692,526.846,355.1,350.35
78,1980.381,2776.167,1202.75,602.688,292.875,3412.625,539.143,1001.938,648,524.375,622.45,244,211.4,121.615,414.917,340.167,569.182,695.923,4095,2282.917,208.091,1458.125,1053.143,1253.909,688.8,383.385,1029,546,396.7,332.25
79,2077.619,2677.333,1380.5,739.438,286.438,1809.938,568.81,973.312,673.333,525.812,549.45,260.688,194.4,80.731,539.25,341.417,557.091,631.885,4095,2292.25,209.364,1757.688,1176.286,4095,706.35,397.962,1022.654,528.154,398.15,410.95
80,2060,2611.917,1119.625,688.562,339.25,1622.25,547,819.5,520.75,469.312,591.3,288.781,251.4,117.923,397.833,380.083,572.636,654.885,4095,2462.083,209.636,2285.75,964.286,2984.455,644.3,449.154,1064.308,482.808,374.95,372.4
81,1939.381,2712.583,2108,606.938,325.625,1563.312,548.19,852.812,524.75,546.688,577.85,298.031,218.45,101.269,445.667,378.25,572.182,627.038,2666.625,2283.75,251.545,2292.438,1150.286,1325.273,620.4,446.885,1624.462,504.346,423,291.45
82,1931.714,3173.583,1112.188,545.688,329,1409.625,446.381,657.312,453.667,480.188,502.8,280.875,213.9,106.962,388.083,455.417,602.364,654.846,1241.188,2171.5,197,1699.312,1308.214,1439.182,693.25,412.808,3586.461,434.769,366.9,354.3
83,1817.476,3109.083,1127.188,693.312,344.875,1633.375,1076.429,763.812,541.167,539.812,494.65,266.062,260.7,105.962,474.083,401.583,589,622.231,1286.125,2255.5,218.182,1793,1559.714,1149.545,676.7,544,3191.423,478.577,424.1,330.85
84,1892.19,2918.917,1336.5,648.25,329.188,1495.125,1299.667,739,631.333,489.125,568.5,268.406,217.25,113.077,522.583,351.333,461.818,636.846,1153.25,2515.417,205.182,1593.438,2433.5,1236.909,595.5,464.308,2547.461,581.654,464.95,424.7
85,2083.286,2999.083,1478.688,583.75,374.688,1565.125,522.571,745.562,688.5,559.812,558.55,290.469,232.55,116.885,434.5,493.417,561.182,679.615,1285.375,2431.417,211,1622.5,3135.928,1427.909,682.8,446.885,2100.654,507.269,386.35,401.8
86,2130.428,2860.917,1766.375,747.75,333.125,1592.438,513.333,751.125,480,575.938,575.65,281.406,225.3,99.885,480.5,389.25,499.364,631.846,1080.062,2286.25,238.727,1684.812,3357.572,1149.727,694.8,402.808,1879.346,511.192,374.4,430.25
87,2382.857,2733.833,2278.812,599.938,380.75,1428.125,564.952,723.875,500.333,2648.5,554.65,221.281,195.3,94.115,507,628.917,561.545,705.923,1030.5,2172.833,227.182,1547.438,3252.072,1478.091,654.45,418.615,1489.423,522.231,385.2,395.05
88,4095,2713.5,2113.312,679.312,302.438,1472.625,454,658.562,557.5,2495.188,597.3,294.281,212.15,97,482.667,1011.917,559.636,564.154,1217.938,2414.833,214.182,1376.125,2299.214,1167.636,628.15,448.769,1240.846,584.269,427.4,684.25
89,4095,2839.083,1152.375,1127.688,345.062,1499.75,583.048,707.875,632.75,1039.875,616.4,267,254.55,98.038,511.25,542.083,482.182,662.654,1131.812,2647.25,263.364,1574.125,1880.786,1287.818,597,425.308,1067.423,537.077,378.55,597.05
90,3049.476,3288.917,1715.25,2184.062,363.938,1457.812,538.905,655.625,516.667,605.062,556.25,296.312,263.45,103.615,597.167,406.417,498.727,657.346,1021.562,2299.333,224.455,1340.375,1942.5,1417.091,559.1,461.692,992.577,537.692,1733.45,414.1
91,1983.524,3642.583,1386.5,2030.5,349.125,2037.562,532.333,682.125,547.083,577.562,547.15,295.812,228.9,96.731,538.083,483.667,673.091,585.423,1111.312,2531.667,301.909,1495.25,1599.357,1150.909,639.25,426.038,934,536.5,1544.8,378.75
92,1834.381,3959.667,2659.375,704.875,461.438,1338.562,541.571,743.125,637.917,535.375,650.85,276.5,247.65,71.808,425.833,516.167,667.273,643.846,1133,2341.5,177.545,1468.375,1789.357,1331.636,542.15,460.5,948.077,462.269,654.6,339
93,1924.524,4095,1226.125,656.25,1939.375,1581.375,518.095,715.25,456.667,487.812,666.05,273.438,229.75,122.731,633.833,448.667,524.364,753.346,1149,2605.25,224.273,1654.938,1879.357,4094.545,582.95,479.962,812.962,495.846,493,364.45
94,1901.048,3822.75,1454.062,569.062,628.125,1459.562,551.095,741,585.583,439.062,533.3,265.062,268.9,163.269,595.75,463.25,763.636,618,1122.75,2537.167,184.909,1547.812,1914.714,3755.273,683.25,430.154,952.231,492.385,387.15,341.8
95,2068.428,3247.667,1374.625,668.812,371.312,1655.062,502.143,736.688,575.667,599.312,547.2,294.031,237.05,167.346,658.75,529.167,649.455,635,1159.875,2592.167,240.364,1898.562,1934.786,1290.909,576.45,500.231,896.385,513.5,424.3,358.45
96,1840.429,3426.5,1244.688,648.688,290.438,1748.375,540.619,734.938,437.75,441.25,589.05,236.719,243.75,201.885,637.167,390.583,589.455,621.885,1071.375,2505.583,291.727,1604.562,1932.786,1220.818,595.75,437.192,974,487.692,500,343.8
97,1874.619,3084.333,1488.312,635.875,290.75,1493.75,532.238,745.188,552.083,438.188,584.7,266,259,122.923,529.5,463.583,578.727,681.731,1064.75,2731.75,274.091,1510.625,1594.714,1342.636,714.95,452.308,908.423,436.538,418.95,436.9
98,1981.429,2841.583,1787.812,729.5,277.375,1586.25,2263.714,792.812,523.083,500.125,568.55,287.875,239.5,115,445.667,715.75,596.818,714.846,1190.438,2289.917,304.909,1213.25,1657,1157.545,641.7,468.115,912.692,562.5,392.2,407.65
99,1928.81,3862.5,1831.062,597.188,350.5,1414.062,653.381,766.875,446.667,529.438,666,242.25,279.2,102.308,508.167,519.833,520.545,593.038,1289.312,2637.75,210.455,1462.125,1634.571,1169.818,794,381.962,913.769,529.615,401.1,361.8
100,1998.857,3728.333,1337.438,579.812,293.188,1570,493.333,762.188,513.917,491.688,2852.65,310.844,293.8,106.192,539.5,556.417,600.818,633.962,1111.312,2651.083,352,1534.062,1463.929,1247.182,730.25,453.885,935.654,572.308,404.15,436.65
101,1917.571,3109.25,1791.938,648.375,342.812,1523.938,587.333,778.875,544.917,501.438,2931.35,251.844,264.9,125.154,513.5,459.667,609.182,622.231,996.312,2562.25,175.182,1496.812,1599.929,1297.909,722.5,404.423,938.846,573.115,352.55,505.2
102,1870.095,3125.083,1335.938,581.188,317,1584.25,511.81,783.938,580.917,484.938,2363.8,278.375,1017.1,63.192,452.417,580.25,643.545,603.154,1022.438,2278.833,249.182,1511.875,1593.143,1297,917.55,420.231,999.385,463.192,354,384.75
103,1950.952,3189.167,1296.625,504.5,295.812,1504.812,502.81,684.375,553.5,464.062,1324.95,275.281,1419.1,91.077,619,474.583,531.364,1097.577,1224.688,2502.583,296,1425.875,1298.071,1210,1437.55,481.923,980.615,448.154,356.35,578.5
104,2083.428,2651.75,1866.688,576.75,350.188,1561.25,461.476,988.688,528.667,519.562,594.15,283,1442.4,95.692,400.167,575.5,555.455,3745.654,1126.25,2611.75,288.636,1479.312,1350.286,1274.455,2816.6,412.115,996,487.962,486.05,518.9
105,2156.572,3050.583,1993.312,520.875,280.625,1482.688,495.571,2542.625,452.5,501.562,554.9,241.25,411.5,103,558.917,951.333,541.455,3393.731,1253.125,2456.917,275.182,1475.438,1555.571,1408.545,2678.2,469.231,902.923,518.846,339.45,461.35
106,1980.762,3086.833,1493.312,652.312,344.438,1383.938,462.238,2798,572,522.688,644.4,320.312,282.1,134.077,704,500.583,586.273,2025.923,1092.438,2802.583,184,1410.75,1808.357,1544.091,2220.55,403.731,966.346,459.923,541.85,402.9
107,1864.714,2979.583,1241.312,672.812,312.5,1441.688,2169.428,2403.188,542.75,442.438,597.25,298.781,213.05,108.808,415.333,491.667,585.364,1269.577,1192.875,2655.25,244.818,1440.875,1687.214,1421.091,1865.75,465.154,1008.654,515.731,413.95,339.95
108,1970.476,3137.75,1315.438,693.312,297.875,1431.812,573.095,1751.875,473.5,550.188,575.35,289.438,211.35,129.538,548.833,610.833,540.091,685.154,1144.562,2501.833,243.909,1251.25,1552.286,1497.273,1142.7,477.885,996.5,477.115,407.35,462.25
109,1830.476,3096.167,1423.188,628.625,287.75,1604.875,522.286,1583.625,498.083,477.875,572.3,271.625,246.55,117.346,447,707.667,485.727,665.885,1068.812,2574.667,225.545,1491.375,1583.214,1308.545,732.6,413.654,1002.923,3609.923,470.55,346.9
110,2071.905,3061.417,1245.562,643.875,257.25,1461.938,410.571,1531.875,537.667,670.812,530.05,241.594,242.25,102.692,377.917,624.667,531.727,709.346,1204.062,2282.667,232.273,1436.75,1525.5,1436,691.15,455.654,1073.385,3571.769,482.95,325.3
111,1965.333,3004.75,1509.812,610.375,267.938,1616.75,432.857,1524.625,609.917,632.812,578.9,266.219,203.25,113.308,541.333,978.583,529,586.654,1205.062,2517,305.091,1290,1730.071,1503.545,691.2,459.692,933.423,2225.385,429.25,421.35
112,2410.572,2865.5,1546.062,633.25,323.562,1637,474.667,1262.688,619.167,684.688,544.25,320.938,183.75,72.231,523.25,589.25,559.909,619.654,1118.312,2621.5,255.273,1409.562,1392.357,1275.909,605.6,459.154,985.885,845.115,451.25,369.65
113,4095,2949.5,1777.125,710.875,310.688,1629.875,556.857,1343.25,490.333,655.375,530.55,311.781,209.6,134.115,488,456.25,564.273,596.808,1077.938,2588.833,230.455,1333.25,1517.214,1382.909,587.35,380.385,967.192,567.731,405.45,391.8
114,4095,3085.917,1211.875,642,333,1570.312,2176.952,1170.125,611,726.25,607.7,362.156,251.95,108.577,435.083,580.583,553.636,694.192,1044.438,2689.25,365.455,1451.375,1996,1410.182,614.45,359.5,988.115,582.615,469.85,348.75
115,4095,3184.083,1448.5,693.75,287.938,1629.625,636.333,1146.062,479.5,673.062,670.95,376.906,241.5,107.192,405.667,490.417,587.182,642.5,1130.875,2566.583,189.727,1613,2579.786,1228.818,607,426.808,905.5,461.577,476.65,398.7
116,2294.333,3122.167,1410.75,464.5,357.688,1486.25,453.429,1131.375,620.917,800.562,645.85,1211,210.85,120.423,625,437.25,588.273,746.654,1177.188,2499.583,302.636,1568,2442.357,1479.545,575.1,406.885,1040.077,529.885,403.25,455.1
117,1779.524,3529.417,2321.938,590.375,292.625,1539.875,436.524,1161.812,446.917,696,560.9,1195.344,262.8,109.115,537.167,414.5,542.455,619.769,1252.812,2707.833,275.818,1831.562,2166.643,1437.818,513.15,474.538,974.462,549.5,503.25,414.45
118,1765.143,3980.083,1642.75,570.938,265.875,1518.062,419.619,1131.438,510.333,616.875,568.25,1195,275.65,123.5,594.25,431.25,615.364,684.808,1049.062,2582.083,277.545,3074.875,1901.571,1602.727,646.35,439.654,1004.808,613,416.3,446.35
119,1852.619,4083.75,1556.5,682.625,279.438,1404.688,500.19,1028.125,555.333,657.188,646.5,989.5,221,118.615,602.583,537.333,584.091,655.731,1058.188,2583.917,245,4031.125,1552.643,1415.182,675.85,527.308,971.885,534.423,439.7,508
120,1863.095,3673.083,1103.188,561.375,286.312,1522.25,459.286,793.625,516.333,614.438,612.8,509,218.65,102.692,482.25,417.833,600.091,598.077,1121.438,2542.417,218.909,2779.875,1401.929,1303.909,670.7,414.192,1078.462,516.5,434.75,405.85
121,1944.667,3427.667,1462.375,816.25,252.312,1514.812,458.762,755.938,542,543.312,649.65,327.562,241.7,96.462,470.25,620.5,594,684.538,2988.312,2713.917,254.545,1805.562,1392.357,1585.182,657.35,446.115,1023.462,510.423,402.7,418.05
122,2016.81,2926.417,1327.062,693.062,328,1459.625,468.762,693.312,598.25,535,545.3,344.406,177.55,126.038,429.333,596.833,595.636,820.154,4095,2641.833,269.545,1440.688,1238.143,1363.455,684,459.462,1028.5,526.462,463.3,328.3
123,1944,3148,1526.062,584.812,382.125,1642.375,554.143,722.625,509.25,567.312,574.25,294.469,211.35,122.115,501.333,373.083,510.455,784,4095,2840.75,426.909,1592.25,1085.571,1527.818,684.7,422.269,1611.385,540.577,540.15,467.6
124,2068.81,3595.417,1158.688,553,321.312,1295.062,406.048,829.25,544.583,543.938,554.7,278.812,241.4,127.962,585.667,583.667,611.727,751.115,3998.562,2581.75,342.455,1611.938,1217.857,1555.455,624.15,556.231,3468.961,559.269,388.35,503.85
125,1896.762,3345.417,1281.5,560.312,329.562,1450.188,499.095,636.438,574.417,560.5,491.9,249.031,211.35,111.846,654.417,934.167,541.273,667.346,4092.625,2517.5,1113.364,1611.625,1337.571,4095,777.45,392.846,3117.385,460.192,452.5,431.2
126,1936.238,3029.25,1076.25,657.375,328.062,1465.438,541.619,761.188,533,605.562,629.15,278.719,204,117.269,500.833,621.5,513.273,701.385,2292.5,2654,1320,1605.125,1051.214,2155.909,801.95,389.885,2623.961,449.538,418.5,445.7
127,1939,2721.25,1100.25,570.75,285.312,1572,507.381,729.812,607.167,523.625,626,248,239.65,114.231,481.417,494.167,505.818,705.962,1381.062,2831.25,777.909,1576.875,1193.929,1299.091,709.85,434.808,2071.346,489.154,414.1,502.05
128,1832.238,2649.833,1526.125,617.188,331.938,1567.625,2205.238,727.938,594.583,616.375,635.9,266.312,246.45,146.5,520.25,402.417,546.364,719.615,1181.375,2544.083,216.091,1334.188,1370.071,1377.273,700.85,403.769,1424.731,456.577,491.85,570.6
129,2103.619,2923.333,1165.75,614.188,341.125,1558.188,592.81,781.375,561,555.5,561.35,265.375,237.7,119.538,448,351.667,590,655.423,1066.188,2699.5,241,1522.562,1108.5,1397.818,643.3,1259.654,1136.038,434.115,432.6,551.05
130,1817.143,2974.583,1119.125,671.812,417.812,1382.062,482.429,794.625,587,523.75,523.9,236.656,225.45,108.192,639.75,547.833,604.636,696.577,1080.938,2567.083,187.091,1495.25,1095.429,1439,660.75,483.885,969.462,455.5,421.1,459.95
131,2006.571,2636.583,1210,773,369.625,1537.875,518.952,725.75,562.583,440.562,602,285.625,218.55,167.231,869.833,511.5,614.909,676.308,1029.562,2609,255.818,1444.625,1287.286,1477.909,727.5,471.654,1068.077,489.654,340.75,416.25
132,1839.952,2451.167,1173.625,628.25,323.25,1573.312,2207.476,673.5,594.083,755.562,530.45,255.312,268.55,161.192,846.833,684.417,591.091,596.154,1180.875,2587.167,297.091,1648.125,1009.429,1480.727,632.75,389.962,972.154,541.692,380.35,339.8
133,1822.762,2477.833,1359,654.312,378.938,1524.312,469.952,773.125,481.667,596.938,584,232.5,237,94.923,820.25,490.083,574.455,567.346,1034.625,2655.25,259.182,1531.938,936.786,1467.455,670.05,416,907.346,686.077,402.2,350.4
134,2016.81,2415.667,1874.938,704.5,313.562,1557.25,431.714,696.812,580.917,665.625,564.5,279.688,215.55,97.154,697.833,462.917,747.091,688,1115.312,2485.917,317.909,1495.438,953.5,1467,780.95,492.462,892.115,677.769,344,334.25
135,1892.714,2494.333,1685,664.312,320.75,1472.5,531.095,751.75,606.667,732.125,567.6,220.719,192.3,122.462,467.833,563,647.909,641.462,1122.625,2754.833,317.818,1429.938,1056.071,1296.545,679.8,373.846,1075.462,3577.269,465.7,371.3
136,1922.19,2590.333,2170.188,717.5,356.312,1610.812,552.524,572.062,681.667,698.062,656.25,306.844,233.05,103.769,481.667,708.917,544.273,626.769,1173.188,2881.667,162,1552.125,952.286,1397.364,711.55,371.423,1012.077,2526.846,441.75,336.6
137,2007.095,3092,1600.75,609.688,388.938,1622,526.762,676.375,673.167,555.938,505.15,245.656,196.2,106.385,451,528.917,634.364,670.462,1166.75,2629.167,283.636,1521.375,1087.429,1446.818,728.45,495.654,1015.769,730.808,447.6,315.95
138,1931.952,3556.583,1098,679.812,299.5,3301.562,557.476,633.75,1520.25,657.75,489.75,294.844,221.75,147.577,440.167,464.833,555,618.654,1010.625,2360.583,290.545,2124.375,859.429,1444.636,788.3,439.923,901.077,531.231,436,264.25
139,1938.238,3197.167,1190.125,691.188,301.375,2786.5,520.19,694.812,2402.667,773.75,526.5,279.094,163.15,154.692,403.667,558.417,600,620.231,1039.375,2406.333,271,3815.625,1228.357,4050.727,1314.15,483,909.038,540.923,405.45,387.95
140,2073.81,3161.583,1125.125,621.562,353.938,1906.125,538.19,722.688,1451.75,721.688,549.9,280.531,246.9,126.077,559.333,651.083,573.091,704.077,1026.312,2603.917,228.727,3778.75,1060.929,2013.455,2276.85,429.962,894.769,545.538,448.8,442.1
141,2135.81,3481.833,1218.688,528.625,311.125,3737.875,529.333,641.5,627.75,697.25,530.8,263.125,229.9,171,393.417,656.167,584.273,708.231,1093.438,2608.667,247.182,2405.438,1074,1655.364,3464.25,370.462,975.538,494.115,473.75,864.5
142,2127.095,3714.667,1092.75,632.312,294.188,3999.312,549.714,715.625,641.417,914.375,466.55,336.438,210,159.115,390.5,429.083,644.364,607.846,1034.938,2539.333,305.545,1738.125,1330.929,1343.364,2962.95,405.577,1065.192,432.038,430.5,518.55
143,2064.714,3768.333,1131.188,636.438,438.375,3640.375,2481.238,680.5,574.833,768.375,615.45,291.719,254.1,121.231,468.167,502.417,545.455,684.615,1135.125,2769.917,203.636,1532.25,1153.071,1222.909,2043.75,470,926.731,522.115,1780,447.1
144,2004,3309,1021.875,613.75,294.688,1832.188,728.571,643.062,492.333,664.5,602.05,298.875,204.85,122.231,428.75,376.917,583.909,571.885,1052.438,2585.083,216.273,1533.562,1078.786,1440.636,1079.85,1271.5,1021.731,511.885,1595.9,407.75
145,1979.667,2887,1201.688,812.188,263.812,1620.875,563.524,746.875,543.75,680.062,492.85,297.469,263.2,125.5,519.083,491.75,708.636,604.538,1173.5,2715.583,185.273,1437.312,1095.429,1455.364,728.3,1808.038,878.962,445.115,980.4,342.2
146,1953.286,2675.667,1344.438,629.812,317.312,1582.438,525.714,660.062,530.167,584.375,592.45,279.062,202.65,120.846,423.083,751.75,1948.818,607.5,1237.188,2472.083,286.909,1424.062,1072.786,1111,637.5,529.538,892.5,467.038,511.45,341
147,1999.333,2587.167,1280.625,596.188,282.375,1539,493.524,719,516.667,528.5,554.25,239.812,230.6,112.308,474.167,456.083,3779.636,587.423,1113.375,2919.167,254.545,1583,1025.857,1361.818,698.8,495.538,1011.962,497.462,410.25,396.5
148,2026.381,2355.25,1256.812,707.188,396.438,1681.438,470.429,728.875,514.417,527.062,613.25,297.25,332.4,127.077,445.667,458.083,2945.273,704.538,937.25,2830.167,247.273,1549.375,972.357,1219.091,704,444.231,903.308,503.615,311.7,380.9
149,1844,2431.167,1156.312,643.75,336.75,1930.875,487.333,700.562,403.75,554.562,623.6,265.062,281.25,116.731,502.5,561.833,2373.364,614.846,1197.312,2819.75,294.818,1426.75,1101.714,1449.818,812.65,435.923,977.923,438.923,407.85,398.6
150,2026.857,2353.333,1154.75,877.375,2247.875,2656.375,536.476,753.875,500.333,463.312,610.65,281.906,818.85,103.462,326.583,574.417,1649.727,672.885,1049.688,2875.167,259.727,1525,1138.786,1393.818,650.8,397.885,1034.462,494.038,475.65,353.35
151,2049.19,2415.25,1198.062,913.25,1223,3854.875,475.476,769.312,542,550.438,609.2,344.438,1297.9,121.5,436.917,2448.333,1053.182,649.654,1117,2661.167,271.273,1702.25,1165.071,1243.455,591.95,489.5,1059.462,526.769,362.2,371.95
152,1735.381,2638.25,2440.812,643.75,347.5,1604.938,451.429,703.25,499.083,506.875,489.5,238.625,987.85,110.885,455.25,587.583,701.182,552.5,1161.125,2572.917,267,1344.375,1290.071,1353.182,736.25,468.115,961.846,465.654,384.5,389.6
153,1945.286,3148.75,2155.25,667.875,405.062,1856.938,507.905,812.875,593.333,532.25,704.85,330.625,459.05,118.269,463.75,446.917,699.727,755.5,1221.312,3185,273.636,1601.375,1511,1661.273,741.55,432.846,1083,544.462,400.7,434.5
154,2091.286,2892.25,1291.75,753.375,284.562,1606.938,491.524,792.25,496,578,561,347.906,302.3,127.654,519.417,410.667,610.364,628.462,1280.938,3037.667,359.545,1795.5,2116,1314.455,653.3,506.115,1094.269,665.808,417.45,412.3
155,1999.714,2962.167,1402.688,719.438,369.438,2004.875,2064.81,765.688,698.583,653.125,634.75,375.844,248.75,145.731,497.333,465.5,678,671.038,1064.188,2867.5,324,1717.438,3046.072,1400.091,836.7,453.577,997.615,626.962,387.05,478.95
156,2086.762,3774.667,1184.375,687.812,298.812,1712.25,641.619,829.688,605.167,551.562,723.05,1130.781,246.65,158.5,577,516.583,565.818,753.808,1250.75,3112.417,247.273,1781.625,3922.143,1405.818,773.4,501.038,1096.731,623.5,504.05,605.85
157,2006.286,3561.667,2842.188,795.25,368.938,1633.312,584.095,980.75,464.833,575.688,653.75,1354.125,239.45,139.692,626.25,488,513.636,741.846,1182.938,2989.417,281.455,1568.25,3566.286,1360,675.35,452.385,1121.577,571.115,1769.25,436.95
158,2147.19,3127.833,1113.562,748.25,351.812,1759,500.333,3372.5,536.333,634.938,497.25,1228.094,234.95,120.615,644.25,437.667,562.818,574.462,1313.875,2875.417,293.727,1674.188,2788.643,1564.091,659.45,472.462,1040.615,529.423,514.3,697.4
159,1988.286,2868.917,1270.5,652.5,352.25,1847.5,489.667,2770.188,651.917,632,562.45,1010.781,228.05,140.385,530.417,502.083,596.182,637.769,1186.188,2688,278.182,1525.812,2245.214,1442.364,655.9,1121.154,1056.038,449.077,439.85,636.25
160,2056.095,2867.75,1988.312,764,280.812,1730.812,533.143,1746.625,546.917,528.125,581.7,523.875,242.1,109.692,469.167,392.75,569.909,2507.577,1076.5,2837.333,287.545,1884.562,1897.071,1151.273,583.85,980.154,1144.846,506.192,452.8,657.05
161,2196.19,2534.833,1068.812,719.25,273.812,1652.75,558.714,1522.125,536.083,597.125,638.35,402.906,204.05,157.615,367.75,477.917,548.273,3722.039,1087.688,2947.5,302.727,1932.688,1598,1298.455,666.85,702.962,1031.577,606.615,499.7,600.15
162,2010.667,2884,1207.375,833.062,314.75,1743.125,480.476,1390.688,624.583,530.188,557.8,328.531,237.55,158.769,468.833,354.417,499,3525.423,1162.188,2898.333,390.727,1736.312,1340.214,1353.364,794.65,501.923,935.423,561.692,476.9,421.05
163,1982.952,2913.75,1485.438,697.188,366.312,2123,517.143,1367.25,544.167,660.062,652.5,314.5,240.8,126.192,489.417,740,614.182,2843.461,1123.438,3079.333,234.909,1788.75,1165.357,1479.091,1112.8,439.846,1053.654,629.577,467.1,357.95
164,1891,2518.75,1247.188,666.25,296.062,3527.438,438.619,1313.25,767.25,624.75,690.9,311.812,252.3,104.231,466.417,769.833,635.909,1282.5,1249.125,3199.417,207.182,4079.688,981.286,1295.636,2308.9,483.462,1024.731,518.923,381.35,369.85
165,1911.571,2680.667,1109.062,700.688,306.312,3002.062,509.19,1385.688,713.25,550,553.5,253,225.8,114.269,501.583,1871.917,541,691.192,4061.688,3449.417,360.545,4095,1211.857,4095,3357.2,458.731,1052.923,593.654,418.75,446.5
166,2104,3018.083,1123.562,681.625,313.688,3961,2307.857,1624.5,559.917,612.688,661.1,254.688,252.1,149,411.25,424.833,564.636,740.808,4095,4095,239.091,4090.188,1188.286,1644.273,3057.55,443.769,1066.231,519.962,431.55,463.6
167,1926.333,3015.417,1383.188,734.75,319.812,3657.625,1722.048,1225.375,676.417,563.688,577.65,285.781,199.85,93.538,463.75,451,539.727,626.731,4095,4095,347.909,2320.25,1357.571,1343.727,1903.3,578.692,1074.231,557.577,399.85,371.9
168,1756.524,2799.417,1241.25,701.75,334,3945.562,954.095,1048.688,527.667,2333.75,622.2,235.719,225.15,126.654,464.75,456.083,601.455,672.423,3987.062,4095,221.636,1599.562,1692.071,1381.091,1110.9,543.192,987.462,580.731,410.15,335.15
169,1856.571,2505.667,2470.312,637.25,366.688,4086,511.048,1247.688,589.333,2628.812,587.6,305.094,251.8,139.615,485.333,412.667,682.909,654.192,1503.75,4095,299,1362.625,2243.072,1395.273,645.55,453.038,923.654,516.308,420.3,427.9
170,1858.429,2665.167,1279.688,656.688,267.75,2054.625,668,1136.438,576.75,2554.625,624.05,291.844,200.2,148.385,505.833,461,631,664.769,1139.875,4095,321.818,1460.75,2309.857,1309.818,718.9,1276.423,1135,3688.615,651.5,600.9
171,1857.238,2631.5,1299.625,802.875,383.5,1664.875,546.524,903.812,629.917,1950.938,587.85,257.188,237.8,123.962,490.25,393.917,677.909,655.615,1062.75,3877.917,352.545,1456.438,2044.143,1457.545,698.5,468,1011.269,3423.461,1222.5,559
172,1885.619,2478.25,1351.812,701.625,403.625,1813.375,466.19,914.812,631.917,1039.75,604.75,280.344,252.25,110.538,505.083,463.917,483.909,695.308,977.625,3098,304.455,1520.938,1763.714,1401.545,712.95,449.846,925.692,2615.077,1719.55,551.4
173,2002.81,2665.417,1219.312,599.75,372.938,3498.625,490.143,784.062,574.917,840.75,634,248.594,243.1,121,531.25,371.25,659.818,2830.615,1104,2599.5,217.909,1412.562,1658.929,1490.545,584.55,435.462,1034.115,1279.231,1193.1,702.4
174,1961.476,2344.083,2151.625,768.688,402.312,2562.688,512.952,704.125,540.75,617.062,522.05,281.594,282.7,131.692,350.167,451.917,643.182,3468.692,1048,2688.833,382,1838.375,1558.214,1452.091,554.6,440,1104,861.615,1402,449.15
175,1845.667,2587.167,1459.625,681.062,483.375,2142.25,548.19,805.562,621.083,457.188,588.4,259.906,268.65,102.5,441.25,477,598.909,3140.654,1013.062,2663.167,345.636,1589.438,1377,1418.273,668.95,416.769,1111.692,567.923,1476.9,377.6
176,1986.571,2589.833,1170.812,1404.062,2069.125,2302.75,521.667,676.375,1921.583,575,611.8,317.406,220.7,121.308,451.917,501.583,647.636,1300.615,958.688,2490.25,371.636,1456.438,1261.571,4095,584,464.577,1209.885,484.962,1002,405.5
177,1973.238,2458,1341.562,2511.188,647.062,3214.812,553.381,826.062,2517.417,555.375,592.45,281.219,251.4,160.885,433.417,453.333,636.091,733.731,1036.625,2549.333,1236.818,1463.25,1140.857,1755,643.65,424.269,3378.5,455.423,521.4,381.3
178,1953.476,3043.583,1128,1743.125,373.75,2139.25,1408.048,659.25,1660.833,511.125,491.4,256.844,251.3,113.154,553.75,318.667,502.636,594.577,1309.688,2435.417,1384.818,1505.5,1156.214,1492.273,667.85,523.269,3663.461,484.115,365.3,396.95
179,2759.286,3199.167,1116.812,768.625,369.562,1949.75,1968.619,721.875,589.417,528.062,712.65,274.469,218.65,123.577,463.417,407.417,574.727,612.577,1063.375,2454.583,457.182,1600.438,1096.786,1314.364,747.2,480.385,2822.692,506.346,359.25,435.35
180,4095,3554.167,1974.25,650.938,335.188,2298.438,639.81,789.062,460.083,481.5,2797.7,260.219,215.9,154.423,460.583,369.25,584.727,615.115,1049,2627.75,328.545,1622,952.5,1326,691.55,476.769,2303.154,535.462,389.75,385.75
181,4095,3922.417,1151.438,567,297.875,4095,570.333,780.25,567,531.75,2973.2,252.469,264,142.192,497.667,365,595.091,689.692,1098.438,2394.917,246.909,1590.5,949.286,1271.091,708.15,462.538,1886.462,498.692,406,377.45
182,2501.238,3692.167,1158.438,699.375,307.688,4095,526.333,778.312,514.667,411.75,2789.9,261.594,215.3,122.038,502.583,504.5,565.455,636.115,1091.25,2628.417,261.364,1488.375,952.071,1468.818,741.9,465.385,1399.154,449.538,473.2,360.6
183,2020.524,2770.25,1070.375,648.125,306.938,2432.25,480.714,733.875,587.417,484.938,1410.75,308.844,212.15,107.885,487.75,712.833,548.273,577.885,1100.688,2313.083,299.364,3970.438,1057.286,1196.091,681.5,430.192,1201.846,484.538,355.9,443.25
184,1820.048,2506.5,1084.375,658.688,375.375,2298.875,561.286,764.5,577.917,432.812,687.6,306.594,193.55,99.154,417.333,967.083,580.091,666.5,1096.438,2711.083,221.273,4095,1063.643,1317.545,731.85,1420.462,1097.231,552.077,493.4,458.2
185,1790.143,2404.583,1147.938,704.688,364.25,2479.438,496.476,857.875,514.083,558.812,592.8,240.406,223.3,122.962,501,459.583,667.636,650.038,929.688,2923.917,241.364,3966.25,1240,1250.091,672.1,759.154,1078.692,561.038,1380.75,862.1
186,1942.571,2537.917,1178.625,685.25,416.875,2059.812,548.143,3152,603.5,513,618.3,283.781,248.45,142.308,470.917,538.417,664.455,705.115,1063,2692.75,315.727,1953.75,888.357,1235.091,838.75,1300.885,1031.654,509.5,1187.1,638.95
187,1806.381,2595.333,1221.875,665,329.688,1618.562,585.619,3000.875,442.75,419.125,514.85,274.812,226.75,139.231,437,638.75,530.727,624.077,1134.75,2553.417,172.091,1564.375,1023.286,1289.273,1010.75,661.577,989.577,493.769,1470.3,435.15
188,1696.667,2566.417,1248.125,633.625,261.875,1903.375,515.524,1990.938,446.333,534.938,637.25,251.219,232.45,171.385,483.75,647.75,445.364,665.769,1129.688,2858.917,302.364,1610.625,1106.214,1469.727,2178.55,436.692,1001.538,537.885,1253.7,522.2
189,1988.048,2573.583,2002.062,733.75,322.812,1982.625,459.19,1685.062,514.833,464.812,601.55,355.312,249.9,153.231,842.25,441.417,552.455,602,1058.25,2397.667,228.818,1668.438,995.643,1317.636,3000.2,528.923,973.115,536.731,619.1,370.35
190,1852,2724.5,2272.812,684.812,352.688,1646.375,474.762,1382.812,614.167,510.75,582.75,347.219,290.65,118.538,1554.667,445.333,509.364,743.577,1238.062,2707.417,241.636,1713.188,1002.857,1925,3592.15,455.192,971.462,506.423,1197.75,435.55
191,1883.286,2308.583,1245.062,678.375,308.5,1911.312,484.19,1480.812,596.833,431.375,666.45,469.906,1780.4,140.115,1164,383.25,523.909,677,1250.562,2646.667,299.364,1767.812,966.643,1593,2455.5,548.346,987.154,559.692,1305.3,367.9
192,1830.524,2755.667,1385.812,669.25,365.188,1712.875,489.143,1465.938,619.417,473.75,642,1280.594,1349,159.423,500.5,343.75,515.545,677.654,1158.375,2544.917,208,1513.312,1076.643,1540.091,1242.35,1090.538,1024.538,529.038,1108.9,421.2
193,1842.81,2919.75,1209.5,621.688,320.312,1710.312,2156.381,1364,499.917,578,634.5,1327.281,523.1,173.154,456.25,342.667,495.364,616.731,1135.938,2541.917,177.091,1554.938,974.786,1360.364,1034.55,1619.808,903.692,518.5,1045.05,459.6
194,1899.048,3874.417,1364.375,688.5,403.062,1614.875,970.857,1278.875,501,576.812,597.35,1162.219,348,124.231,385,604.583,371.909,613.615,1228.562,2700.667,284.091,1474.375,1206.571,1377.545,687.05,469.115,959.423,477.692,1012.3,327.1
195,1747.762,4095,1836.5,711,369.5,1837.062,563.381,1756.812,555.333,526.875,578.2,786.188,244,135.231,365.75,578.75,493.909,628.154,1173.375,2752.917,231.091,1443.312,1917.714,4095,663.05,455.769,940.885,554.731,898.05,383.65
196,1955.571,3214.667,1113.875,598.625,332.625,1686.562,517.095,1495.125,573.417,615.875,673.75,373.375,248.5,275.692,504.583,650.167,515.818,617.538,1172.812,2632.75,213.909,1537.75,2116.572,1882.364,726.3,454.885,959.077,519.154,706.8,364.65
197,1866.905,2830.833,1392.875,596.938,377.562,2207.5,399.714,1345.5,540.167,535.938,489.5,255.656,226.65,352.462,428.833,505.583,497.818,3333.769,1112,2578.25,262.455,1486.375,2586.714,1484.818,676.5,602.308,937.346,527.077,422.95,438.15
198,1848.143,2412,2124.438,653.938,281.938,1800.062,509.19,1391.75,482.083,550.062,549.1,241.281,259.5,739.5,485.667,387.167,590.455,3321.308,1217.438,2747.583,377.636,1520.438,2913.072,1585.364,566.05,453.769,1049.962,432.731,423.35,296.8
199,1745.571,2434.833,1545.188,555.938,308.5,1644.75,452.619,1262.312,598.417,585.688,567.7,244.25,258.05,883.346,462.417,465.667,570.273,2400.423,1029,2582.167,211.091,1777.312,2798.928,1404.636,734.1,490.038,988.231,532.308,355.75,380.5
200,1786.333,2248.583,1439,644.75,293.125,1947.062,474.905,1059,482.5,578.562,532.75,292.844,251.95,718.346,461,497.667,475.091,1113.192,1087.25,2726.583,249.455,1461.312,2354.857,1267.273,554.1,358.923,1015.615,483.462,412.45,340.3
201,1907.524,2431.583,1890.875,716.812,372.5,2579,568.19,1389.062,506,597,605.3,298.594,226.15,403.269,379.333,397.75,517.818,694.385,1069.688,3052.5,326.273,1569,1994.071,1456.545,673.9,407.769,999.231,532.385,401.9,378.85
202,1899.048,2316.667,1440.625,678.312,449.188,1865.5,498.714,1256.438,534.833,687.312,577.95,299.562,200.05,158.192,365.583,418.333,516,648,1221.625,4095,296.364,1830,1578.071,1406.545,636.25,460.692,938.038,524.346,436.35,483
203,1965.952,2269.417,1159.062,747.062,333.625,1743.25,398.905,1250.438,432.083,671.375,572,298.812,265.6,130.077,420.667,361.833,528,657.462,971.125,4095,174.545,1654.5,1322.214,1424.818,739.45,373.769,948.731,568.692,404.9,555.3
204,2291.572,2458.25,2940.312,584.25,404.438,1609.562,427.381,1228.312,589.083,707.125,630.75,298.094,198.55,181.423,455.917,1368.5,654.545,631.731,1052.938,4095,246.273,1380.312,1498.5,1740.818,811.75,381.846,866.038,449.654,356.2,807.5
205,4095,2513.667,1153.875,605.5,404.375,1645,436.762,1228.812,674.417,747.375,559.35,297.031,198,141.654,433.5,523,681.182,555.038,1219.812,4095,263.727,1936.938,1355.571,4095,687.15,440.692,991.192,461.5,420.75,759.85
206,4095,2849.667,1094.375,708.062,384.062,1487.375,543.762,993.875,542.833,668.062,549.65,293.969,245,131.846,402.833,290.5,525.545,768.346,1043.625,4095,286.909,1731.062,1271.357,1638.273,591.05,458.077,926.692,578.385,354.8,495.55
207,4095,2771.5,1070.5,665.812,384.812,2589.438,2169.381,868.875,615.333,686.312,632.55,298.438,227.6,136.808,562.417,481.75,594.182,639.615,1144.062,3511.583,269.091,1815.125,1055.071,1521.455,671.4,493.808,1095.038,557.385,423.25,394.5
208,2822.19,2965.833,1152.438,690.312,337.5,2721.188,1924.19,1024.812,603,649.062,549.5,244.875,205.65,152.5,393.083,431.833,517.273,596.462,1161.375,3321.417,247.636,1969.75,1148.857,1371.636,615.9,476.038,996.577,528.577,419.35,403.3
209,1889.095,2405.917,1750,640.438,242.875,1787.812,541.381,664.562,624.833,714.625,649.95,273.938,239.5,169.577,497.333,388.083,586.636,640.423,1241.438,3182.417,257.818,4095,1132.214,1586.455,650.55,506.885,965.577,530.385,373.35,373.15
210,1797.19,2777.5,1716.312,649.562,425.062,2182.25,485.714,760.5,497.583,523.062,574.2,222.562,245.4,143.962,468.25,452.833,542.364,678.385,1152.812,2833.167,264.818,4095,1167.929,1616.364,703.95,457.731,1011.077,608.385,459.7,422.25
211,1745.714,2473.5,1186.5,575.875,344,1682.562,548.667,803,518.167,558.75,584.4,283.5,248.85,154.808,448.083,602.083,500.273,582.115,1040.688,2721.333,259.273,3925.25,1183.071,1570.727,687.7,1443.192,870.154,448.577,362.65,349.15
212,1821.048,2475.583,2360.125,599.812,350.312,1870.188,510.19,711.562,622.167,538,599.8,272.344,219.55,127.538,446.25,830.25,634.727,614.538,1275.812,2694.667,254.182,2013.5,1665.214,1435.636,674.35,1493.231,988.269,539.885,395.75,374.65
213,1712.857,2973.667,1178.688,708,363.125,1526.938,462.619,722.812,2622.667,634.688,646.75,280.906,209.6,183.885,428,461.083,574.455,691.154,1231.75,2461.75,232.818,1539.812,2852.5,1255.909,770.75,560.769,996.808,3743.039,440.7,351.45
214,1869.429,3033.75,1339.562,552.562,399.25,2388.812,587,765.062,2419.917,571.5,623.55,332.375,243.05,153.808,592.667,377,632.273,651.692,1110,2639.333,268,1391.812,3342.072,4095,840.35,461.615,948.769,2384.923,359.95,362.55
215,1934.619,3048.333,1051.5,718.125,381.5,1622.312,487.619,803.938,1028.833,607.5,512.95,298.375,277.7,628.308,433.417,304.75,515.818,726.962,1121.438,2686.167,272.182,1595.625,2408,4053.273,742.5,460.115,1178.962,683.192,419.7,389.7
216,1719.238,2640.25,1005.688,675.625,262.625,2620.562,522,867.812,640.917,560.688,593.1,252.531,222.8,968.538,439.167,435.583,515.636,727.538,1368.438,2816.833,332.909,1660.25,2006,1604.455,859.2,425.615,885.423,491.808,360.75,708.6
217,1824.905,2916.167,1115.188,493.188,363.312,1713.062,1948.095,681.938,532.083,529.562,577.95,269.531,221.2,1051.077,366,345.417,623.727,615.808,1184.5,2674.833,214,1526.5,1756.071,1307.182,1051.2,425.231,938.692,458.038,323.05,731.6
218,1682.571,2222.583,1818.438,667,1456.375,1442,1212.762,753.562,517,604.188,606.7,303.844,256.9,1039.962,425.25,342.25,456.364,639.308,1053.562,2714.833,265.636,1534.062,1631.857,1233.091,2617,438.538,994.154,482.115,426.05,495.9
219,1839.762,2293.583,1041.875,597,1854.312,1735.188,493.238,692.125,634.083,538.125,693.25,277.469,244.65,562.769,409.5,369,585.909,730.038,1230.688,2736.667,310.727,1755.875,1443.143,1430.364,3283.55,430.885,977.115,502.692,383.15,508.6
220,1920.095,2621.083,1141.562,674.875,457.938,1682.562,524.571,673.312,507.75,611.062,2858.05,323.938,219,327.846,442.833,430.667,586.818,611.5,1206.25,2654.25,232.727,1615.062,1186.214,1397.636,2731.15,393.269,976.269,494.538,406.15,463.5
221,1883.286,2411.833,1100.75,577,314.375,1839.062,540.238,706.625,594.333,581.25,2752.4,320.344,259.65,169.385,448.667,614.417,528.364,667.423,1209.875,2673.667,281.455,1574.375,1290.357,1527.818,1335.8,431.577,1025.654,542.654,406.75,457.5
222,1756.905,2600.833,1064.812,660.625,350.625,1570.5,467.952,665.188,503.667,593.438,1704.35,265,280.75,164.769,467.833,602.75,610.545,640.077,1123.312,2508.167,353.636,1478.938,1411,1291.636,835.8,451.808,1083.731,544.769,396.1,317.75
223,1975.905,2514.75,1102.938,803,330.062,1893.688,562.238,800.875,542.333,647.375,679.15,682.656,270.7,195.769,368.75,1212.75,611.818,696.077,1057.062,2579.083,378.636,1554.625,1594.071,1325.182,724.45,2116.308,1081.231,466.615,392.4,368.2
224,2011.762,2911.417,1223.812,687.375,308.438,1586.938,476.762,712.25,565.5,617.875,568.4,1304.625,252.4,155.308,456,423.167,689.818,666.538,1228.5,2669.25,1102.818,1545.938,1858.5,1697.909,745.95,912.538,1155.962,534.115,456.75,329.65
225,1969.143,4016.833,1169.375,645.688,280.938,1559.938,513.238,818,592,594.5,598.35,1235.312,182.25,153.154,431.5,413.167,499.636,705.885,1154.75,2504.583,1453.364,1638.375,2064.143,1626.818,655.05,972,1650.192,514.346,422.05,294.95
226,1878.238,3363,2130.625,588.125,328.75,1791.938,445.905,691,545.417,690.188,661.15,1059.25,234.15,152.077,467.667,469.417,646.636,655.654,1083.062,2782.083,616.909,1677.062,2038.357,4095,698.55,498.077,3899.731,591.077,371.7,402.25
227,1824.429,2962.583,2088.938,693,278.375,1582.438,2361.333,705.062,692.75,516.562,522.8,585.75,292.85,118.692,392.75,597.583,531.727,711.269,1136.062,2707.667,229.545,1723.688,1739.929,4095,695.85,455.885,3598.692,515.308,333.95,451.7
228,1851.143,2823.083,2670.812,596.25,295.938,1591.75,629,794,665,731.438,616.8,383.594,286.1,164.615,389.833,555.833,480.455,715.769,1037,2488.833,306.091,1590.062,2058.643,2378.182,649.7,451.462,2675.5,487.308,433.2,343.3
229,1826.81,2389.667,1076.5,589.25,257.125,1666.5,495.238,769.188,562.833,646.25,655.1,353.844,297.9,143.423,510.5,432.833,485.818,707.654,1215.375,2688.917,327.545,1503.5,1926.357,1485.273,572.1,478.154,1829.346,530.538,436.05,416.5
230,2049.619,2110.833,1036.438,591.5,318.562,1462.188,469.714,765.875,502.583,2089.562,573.55,278.469,425.35,111.038,543.333,360.083,574.364,704.038,1302.75,2509.583,219.909,1592.688,1971.857,1392.909,694.75,499.154,1299.462,467.385,406.4,411.6
231,1933.762,2180.333,1454.875,626.5,332.312,1657.125,462.714,727.688,574.25,2036.062,560.6,246.938,1298,182.962,473.5,461.75,578.909,620.654,1161.938,2662.083,172,1683.875,1729.857,1195.545,615.45,565.269,1167.192,491.192,426.45,407.6
232,1759.524,2101.667,1044.438,578.125,337.438,1538.5,552.524,656.688,519.417,915.75,607.65,299.344,1075.4,162.808,459.167,637.833,589,745.923,1074.125,2549.667,195.182,4062.5,1315.143,1453.273,627.05,725.885,960.308,473,353.95,397.05
233,1906.857,2241.583,951.5,602.938,345.25,2508.188,459.381,846.438,538.667,732.125,591.05,254.656,436.05,143.654,647.833,1196.75,619.091,699.5,1172.625,2579.417,215.091,4095,1465.5,1419.364,681.75,453.423,1012.5,499.538,1613.9,647.9
234,1793.571,2513.5,3445.562,535.938,334.062,2205.25,486.571,755.312,548.833,656.625,631.75,207.531,250.8,147.154,587.333,352.75,615.909,752.385,1248.5,2594,203,3963.688,1513.357,1614.636,663.3,534.731,1004.923,468.923,1186.6,963.9
235,2045.095,2384.833,1310.062,604.062,299.25,1763.25,448.333,647.688,559.833,474.312,568.7,306.031,299.6,162.038,448.167,472.833,530.909,2927.077,1152.562,2578.5,205.455,1924.125,1448.286,1452.455,645.4,482.731,951.192,822.885,659,580.05
236,1977.857,2831.917,1095.125,595.875,323.75,1783.5,489,742.062,553,625.188,598.85,277.688,325.05,167.577,584,497.25,606.545,3783.769,1041.438,2553.833,180.909,1476.375,1359.286,1404.727,612.25,470.885,1116.346,3496.615,1183.5,511.9
237,1760.19,3260.333,1197.5,565.25,342.062,4077.562,489.19,756.938,561.417,453.875,623.55,292.344,295.65,148.308,487.833,332.917,502.727,3395.154,1196.125,2527.333,255.455,1684.125,1351.214,1642.091,740.6,553.769,1070.808,1183.192,1277.25,392.45
238,1809.762,4092,1188.5,663.312,364.625,4090,584.143,778.625,469.167,481.438,581.15,277.75,179.9,124.5,518.25,469.417,548.909,2877.923,1124.125,2714.833,264.364,1723.625,1504.429,1379.727,661.95,461.115,1050.731,599,711.3,845.45
239,1901.476,3671.167,1118.062,676,304.312,2627.438,2447,708.25,576.917,521.875,656.7,273.438,248.05,156.269,464.417,436.5,650.182,1173.192,1037.562,3043.917,218.091,1717.5,1490.357,1557.727,719.95,1706.077,1020.115,621.115,585.8,1446.4
240,1956.952,2844.417,983.312,611.562,419.75,4056.625,805.619,739.812,591.333,500.625,565.95,218.531,215.7,206.923,432,460,612,858.769,1232.75,2684.083,194.818,1698.25,1386.571,1396.909,636.25,1648.346,960.308,522.654,408.25,1132.45
241,1840.952,2638,1188.562,575.125,386.562,3160.562,435.095,821.812,569,554.812,532.25,204.594,229.7,182.462,559.917,452.5,615.091,683.923,1483.438,2576.083,184.818,1562.312,1543.429,1490.455,762.55,896.654,1054.769,564.269,337.8,1209.15
242,1860.714,2368.083,1090.438,568.25,2236.562,1727.938,451.095,772.688,444.417,499.438,621.1,306.625,214.8,136.654,409.083,766.583,584,734.269,4095,2834,188.273,1538.25,1621.643,4095,705.95,1341.154,1022.615,514.846,407,944.7
243,1811.81,2437.5,1037.125,739.062,1842.625,3786.125,472,717.375,605.833,626.125,582.45,289.531,258.25,190.192,457.583,482,595,714.115,4095,2821.5,291.182,1735.5,1635.286,4095,709.65,1244.154,912.038,580.038,402.05,986.8
244,1736.762,2438.583,1463.75,712.25,449.938,1713.812,517.952,689.625,448.417,569,643.9,297.656,233.95,181.5,533.5,1217.583,545,683.731,4095,2745.25,229,1706.312,1640.571,1518.727,701.15,460.385,952.808,523.846,371.1,707.65
245,1905.762,2425.917,1847.625,631,413.562,1560.75,466.667,876.812,526.083,490.062,520.75,276.656,177.9,167.769,514.25,454.917,517.909,713.615,3968.312,2937.25,140.364,1620,1485.786,1434,655.8,413.538,1086.462,575.654,377.8,387.25
246,1803.762,2471.25,1096.625,739.125,353.938,1543.312,517.19,874.312,526.833,553.688,643.3,294.812,246.35,139.346,573.583,500.833,528.909,667.385,3814.062,2626.75,263.091,1793.875,1275.071,1318.091,694.15,425.077,1059.423,554.808,433.35,319.95
247,1882.762,2271.167,1257.688,640.938,341.75,2676.688,472.048,2668.625,540.5,582.438,540.55,275.938,215.8,186.577,515.5,419.583,580.727,817.154,1391.562,3105,270.182,1718.5,1313.929,1684.364,848.05,464.269,950.5,554.769,360.8,398.3
248,2033.095,2375.083,1145.125,674.938,285.875,3694.125,430.952,3753.062,460.833,517.125,563.6,269.562,200.6,190.423,547.75,420.167,611.455,3485.231,1186.938,3056.5,266.545,1871.125,1319.071,1446.091,809.95,465.308,953.769,554.923,342.3,311.65
249,4095,2415.417,2020.688,580.312,388.75,2403.625,496.048,3679.375,456.667,498.375,532.6,307.625,246.85,166.154,472.667,363.833,614.636,3630.654,1196.312,2974.917,171.545,1833.812,1336.357,1517.727,2115.95,486.077,890.538,515.462,380.7,329.5
250,4095,2280.75,1101.375,599.312,372.062,2000.938,1957.905,1925.062,484.583,551.188,651.5,260.219,195.45,174.654,474.083,458.667,684.727,2340.654,1211.688,2560.083,200.909,2004.562,1323.143,1357.818,3583.25,470.038,983.038,495.115,415.7,382.4
251,4095,2145.417,923.562,604.188,358.625,1663.25,730.381,1374.312,524,497.938,605.1,265.062,243.3,152.808,462.083,430.833,764.455,1088.423,1275.312,2833,291,1885.438,1121.214,1330.636,3259.85,433.308,1024.769,2266.961,416.6,369.7
252,2328.143,2312.75,1082.125,592.625,356.625,2000.812,472.095,1087.25,489.083,499.875,586.15,322.969,273.65,187.346,417.75,482.167,726.727,778.385,1141.812,2749.083,186.909,1844.875,1134.286,1380.545,2006.8,363.577,1041.846,3107.615,346.55,387.2
253,1786.571,2315.5,962.125,633.875,310.188,2040,469.762,1380.75,536.083,553.812,473.2,296.594,223.65,151.385,640.5,396.917,774.545,687.192,1066.75,2725.333,248.909,1931.875,1177.714,1194.091,950.9,549.885,1072.654,1299.154,451.6,368.7
254,1871.238,3815.25,1004.25,654.562,286.688,2121.562,516.571,935.312,584.333,552.438,628.75,268.812,241.1,151.769,1188.25,605.75,2918,826,1137.438,2888.25,191.545,1628.938,1255.286,1588.273,768.95,695.115,1063.885,650.615,513.1,359.25
255,1670.048,4095,1224.062,637.25,535.938,1705.312,415.762,1219.312,521.083,522.438,474.65,279.531,232.55,179.654,1452.75,1281.167,3622.818,712.769,1093.812,2820.833,263.182,1630.562,1349.714,1521.545,603.7,432.154,1057.346,612,349.4,299.7
256,1922,3889.667,1090.312,567.375,1892.875,1610.25,559.905,1308.625,496.083,600.188,550.95,358.188,264.45,180.654,605.917,826.5,3050.727,772.577,1121.125,2854.25,219.545,1596.625,1191.714,1335.364,768.4,344.462,958.962,581.538,493.1,428.35
257,1746.095,2979.25,1019,678.5,482.5,1716.312,442.048,1069.125,574.083,599.375,608.7,316.188,265.05,177.885,454,744.667,1868.091,664.308,1058.875,2965.167,299.364,1659.062,1188.5,1193.273,621.9,374.923,1053.423,535.962,448.55,376.5
258,1595.667,2605.75,1007.688,759.75,313.875,2259.938,514.095,1028.562,572.417,546,626,289.969,169.8,157.038,431.667,355.333,1421.455,740.308,1277.375,2980.917,229.455,1583.688,1337.571,1223.364,586.35,395.462,994.731,508.5,468.05,387.4
259,1680.048,2379.667,1071.062,710,363.375,1842.875,428.762,833.562,483.083,508.562,572.7,241.625,265.6,149.731,446.333,516.917,1044.091,677.231,1110.25,2989.75,289.818,2334.562,1446.357,1524.364,623.15,399.769,967.654,560.346,491.55,325.6
260,1855.524,2279.75,1199.875,623.562,276,1609.125,532.762,884.312,651.75,602.25,532.3,316.594,299.35,182.423,362.083,416.917,740.182,703.538,1084,2792.75,366.455,3927.312,1281.357,1314.455,689.45,440.692,931.885,538.423,350.25,365.7
261,1802.19,2427.25,3148.938,607.562,294.5,1789.875,570.429,795.062,582.667,630.438,560.1,413.344,282.55,210.962,461.75,606.083,407,730.462,1118.25,2804.333,353.273,4095,1268.429,1450.636,615,424,1067.231,443.615,416.25,331.65
262,1870.429,2223.167,3628.625,665.188,327.25,1654,636,658.625,563.833,456.938,602.7,1257.5,392.9,193.692,427.833,678.833,568.636,657.769,1147.875,2789.25,441.636,4095,1051.786,1644.091,805.2,402.423,1055.462,477.615,422.2,301
263,1773.952,2208,3004.875,618.938,348.75,2293.188,558.714,758.812,557.25,507.562,587.2,1288.312,370.95,214.346,413.083,651,478.818,690.038,1086.562,4073.167,1283,3811.938,1207.857,1495.818,728,479.654,964.423,459.154,414.15,518.2
264,1582.476,2260.5,2393.938,493.5,374.875,1543.812,553.381,722.125,418.25,486.25,519.1,1180.094,377.7,206.731,472.833,621.833,496.636,623.923,1087.375,4095,1170.909,2494.312,1238.714,2938.909,713.7,458,1068.846,476.538,1093.9,430.05
265,1747.524,2143.5,2040.375,710.375,396.812,1497.188,2304.428,714.188,555.417,541.188,516.75,897.031,1421.85,177.692,403.417,610.5,508.455,643.577,1153.938,4095,539.455,1667.312,1264.286,4095,659.35,732.808,1104.538,583.731,836.2,557
266,1748.952,2301.25,3045.062,534.062,319.875,1492,656.857,745.25,2008.917,547.875,568.35,561.5,1015.1,169.192,393.25,560.833,536.364,615.846,1244.812,4095,293.909,1667.688,1606.857,1622.636,621.8,1549.115,995.077,532.462,822.3,403.9
267,1615.524,2225.5,1245.062,663,302.625,2192.438,1890.238,742.875,2646.167,548.375,497.6,291,357.1,217.577,537.583,459.667,479.273,707.577,1364.375,4095,281.182,1500.812,1916,1398.182,650.7,512.038,949.308,511.692,463.55,554.8
268,1844.429,3252.167,1209.188,592.875,260.438,1427.688,657.667,814.625,2923.5,474.438,577.45,306.531,283.85,174.538,479.583,404.917,522.909,663.615,1117.938,3838.25,235.818,1574.688,1773,1346.545,626.35,891.538,985.923,579.192,423.75,566.7
269,1937.048,3993.917,1233.625,622.938,415.812,1385.125,498.952,801.625,931.833,535.438,655.7,273.312,276.1,127.192,567.083,515.417,537.273,658.808,1067.5,2870.917,253.273,1613.75,1496.714,1511.636,697.4,1340.462,989.154,591.769,413.55,553.5
270,1885.667,4095,1158.688,770.875,280.375,1672.438,502.571,759.75,571.25,648.5,607.5,254.781,226.3,192.346,469,443.833,553.455,731.346,1126.188,2613.917,289.364,1748.188,1253.643,1314.273,624.35,1153.308,1057.385,480.577,437.7,410.1
271,1972.429,3665,1185.25,2444.875,394.188,3233.75,549.81,772.875,639.667,563.562,623.95,237.094,224.35,176.462,443.75,486.833,484.182,762.577,1047.312,2410.667,241.455,1757.062,1375.071,2898.909,746.9,482.077,966.615,542.077,381.95,422.95
272,1872.476,2646.667,1220.625,2162.188,314.188,1888.875,512.095,820.688,523.833,616.125,572.65,280.438,238.45,171.962,481.25,447.583,430.636,618,1140.625,2688.5,242.273,1690.875,1392.857,3000.636,910.4,459.385,1059.731,600.038,424.35,392.65
273,1838.19,2515.833,1322.25,1472.812,339.938,3335.438,439.333,732,526.333,582.25,546,278,187.05,181.538,627,564.083,569.273,778.808,1188.875,2358.667,350.364,1800.75,1144.429,1325,962,382.346,1020.808,606.077,457.4,393.5
274,1809.048,2400.667,1097.75,677.375,316.625,1605.438,449.857,732,476.5,581.562,579.45,298.656,237.65,192.346,466.5,376.167,537.091,712.308,1233.062,2476,237.818,1602.188,1210,1494.636,2177.5,379.115,1082.654,536.615,413.8,307.7
275,1787,2515,1147.062,576.625,408.375,2031.188,524.143,820.562,474.417,609.688,662.9,271.031,210.8,248.192,514.333,504.417,513.545,707.231,1133.562,2493.583,243,1650.75,1193.429,1265.909,3548.7,382.692,998.038,543.769,372.55,327.2
276,2003.381,2208.75,1199.812,575.375,325.188,4095,413.571,769.5,480.5,559.062,628.25,269.219,257.9,221.115,422.583,377.167,437.273,689.346,4095,2506.667,260.727,1640.062,1162.786,1425.727,3655.95,402.423,1035.923,529.308,368.65,384.25
277,1840.762,2343.833,1277.5,743.5,422.562,1880.125,517.381,836.188,520.083,660.438,559.8,296.594,223.8,300.115,398.417,397.833,573.545,807.077,4095,2502.25,318.545,1546.625,1355.857,1235.818,2128.4,320.038,963.731,498.769,380.6,388.5
278,1749.095,2029.917,1137.438,647.688,312.438,1532.438,436.333,842.688,568.5,430.062,564.5,292.25,304.9,286.154,491.75,586.25,713.455,619.308,4095,2479.083,293.636,1684.125,1683.929,1168.455,1136,459.692,955.577,457.192,411.5,348.8
279,1809.762,2004.333,1033.438,615.062,277.438,1621.312,505.667,802.125,449.583,542.875,564,291.656,261.35,277.654,480.417,1272.917,537,732.577,4047.062,2480.583,181.182,1728.5,1746.071,1303.636,690.3,491.154,1039.346,479.692,393.7,377.7
280,1600.857,1767.25,1193.875,577.25,295.312,2011.125,520.619,822.125,510,500.438,580.95,296.219,201.65,221.115,546.333,464,476.455,721.769,3669.812,2425.083,256.636,1654.75,1717.429,1268.818,657.8,429.077,1120.038,512.615,317.75,404.55
281,1649.524,2325.583,950.625,624.438,382.25,1666.125,448.048,741,478.667,551.875,597.7,293.031,286.95,168.808,470.083,383.667,469.364,710.731,2550.062,2543.25,241.727,4095,1507.786,1330.636,600,413.654,1165.385,591.808,403.55,432.65
282,1847.286,2384,1156.375,686.938,326.688,1553.25,392.286,995.875,533.667,563.625,548.45,245.344,174.95,165.846,479.5,561.833,520.273,639.308,1535.75,2455,240.455,4006.938,1620.929,4095,654.5,441.154,1094.115,541.346,431.4,813.4
283,1657.762,2237.083,1250.812,604.375,366.5,2097.625,2163.048,1509.625,421.167,529.125,560.05,268.062,208.45,176,486.417,694.75,579,673.192,1086.188,2477.917,216.909,2257.5,1329.357,1966.909,598.1,386.885,3190.461,523.115,378.3,794.75
284,1570.476,2447,1797,644,351.812,1667.938,694.095,2835.5,463.167,625.312,626.9,248.469,239.8,184.538,569.667,909.5,650.091,700.577,937.188,2609.083,269.545,1843.312,1262.929,1373.273,743.3,395.731,3593.039,541.154,345.55,617.25
285,1932.333,3456.75,1070.062,606.438,364.938,1565.062,464.905,3250.938,499.833,564.062,683.25,254.812,236.05,191.846,496.583,538.167,679.727,746.346,1109.812,2796.167,293.091,1661.125,1166.643,1306.455,589.25,474.154,3028.269,465.192,1494.9,448.4
286,1903.143,4095,1032.438,655.312,355.5,1721.5,414.381,2615.188,461.083,584.562,1430.2,272.219,251.85,189.654,454.333,327.75,574.727,715.923,1071,2804.5,253.909,1555.375,1171.714,1412,663.9,443.5,2551.615,558.5,1057.1,465.45
287,1785.952,2996,1104.875,433.688,267.125,1671.312,413.619,1997.688,461.667,607.312,2923.9,281.75,178.75,198.269,527.667,487.75,560.091,823.269,1107.438,2742.75,287.364,1554.875,1226.786,1341,620.25,380.038,1834.615,614.615,1192.5,400.4
288,1735.143,2385.5,1151.812,497.375,286.188,2128.062,458.19,1759.688,504.417,594.5,2913.45,290.688,268.15,192.731,480.167,612,743,704.423,1099.125,2934.833,225,1608.562,1170.143,1269,673.85,497.462,1332,709.231,449.1,432
289,1812.905,2263.5,1077.75,623.812,266.75,1515.312,501.476,1741.812,514.333,626.375,1356.05,270.531,290.4,141.231,515.083,1526.917,474.545,662.769,1039.625,2859.083,338.636,1608.562,1128.071,1250.636,603.75,415.577,997.769,561.154,414.95,567.5
290,1858.429,2101.917,1118.5,658.5,356.688,1597.188,475.619,1409.812,568.5,716.25,643.1,284.219,254.45,135.731,506.417,629.5,614.091,689.385,1125.875,2930.417,190,1494.688,1295.5,1355.091,657.35,347.808,1115.346,603.538,417.95,801.1
291,1736.714,2028.833,1021.75,597.062,465.625,1642.75,548,1695.875,556.5,598.125,590.1,270.312,174.95,194.692,493.75,439.917,517.545,599.5,1011.562,2523.667,226.636,1465.938,1478.786,1297.182,631.9,527.615,1039.769,533.962,363.05,717.95
292,1863.476,2247.333,1095.875,529.125,366.812,3456.75,491.524,1204.312,564.583,679.562,583.1,265.281,254.25,186.308,539.75,528.917,642.364,687.077,1056.438,2706.25,215.545,1736.938,1922.571,1355.455,641.75,456.077,1006.115,578.385,431.3,427
293,1895,2261.417,1139.312,592.375,269.562,1937.5,397.571,1419.875,493.75,606.375,662.65,313.094,245.2,228.346,560.25,386,446,720.192,1177.5,2784.417,277.818,1629.125,1768.786,3306.182,690.25,432.615,968.038,590.308,322.15,474.45
294,1769.762,2375.333,1094.5,565.375,254.062,1788.188,2012.81,1224.75,577.333,531.75,582.6,282.656,227.5,195.731,467.917,452.583,501.091,792.192,1238.25,2602.917,264.273,1624.125,1861.071,4095,681.1,423.038,1034.154,559.385,430.4,523.75
295,2314.333,2385.917,1282.75,644.062,318.062,1560.312,1312.333,1171.875,507.583,534.312,634.95,251.562,295.5,251.885,590.5,439.5,589.636,2597,1010.938,2712.583,268.818,1686.625,1533.214,1748.545,708.4,419.846,1084.885,575.615,362.25,386.45
296,4095,2685.25,1144.938,666.188,331.562,2361.812,512.905,1025.5,516.417,653.312,551.6,322.094,165.6,200.269,697.417,574.5,653.091,3868.846,1192.875,2751.917,265.455,1751.125,1350,1372.364,646.6,404,1027.885,544,412.35,373.25
297,4095,2424.833,2299.625,701.938,401.062,2909.188,490.238,963.75,553.333,620.875,643.3,373.688,254,302.615,2187.417,927.083,491.636,3528.615,1087.25,2634.5,232.364,1689.312,1539.643,1579.727,645.45,377.538,1019.615,563.154,387.85,390.6
298,2401.619,2419.583,1416.188,617,306.75,1736.375,465.476,913.562,694.833,605.688,546.35,1213.75,240.85,227.192,1264.583,596.5,505.364,2228.385,1180.375,3084,201.455,1673.875,1496.143,1318.182,754.55,1405.115,1131.654,549.692,420.9,521.4
299,1848.333,2867.583,1100.438,637.375,310.562,2424.25,498.238,583.5,428.083,566.188,603.6,1197.625,246.75,199.962,524.583,399.083,574.545,1084.462,1093.625,2680.417,291.636,1780.75,1956.357,1238.091,604.4,1460.962,1015.731,559.154,1071.2,402.65
300,1916.238,4056.667,1179.812,599.938,392.562,1606.125,518.095,736.125,472.917,544.125,551.35,1150.938,225.25,193.115,462.583,506.833,490.091,754.346,1117.625,2667.75,228,1709.812,1861.5,1335.636,767.6,458.385,1005.769,625.885,1187.2,353.85
301,1687.333,3098.667,1018.562,601.875,355.625,1719.625,470.381,809,508.667,470.875,566.45,799.938,265.1,215.538,456.167,403.417,510.727,715.231,1212.562,2933.667,269.727,1636.875,1363.643,1273,683.1,461.538,1122.423,869.385,1281.45,384.8
302,1861,2650.333,1147.812,720.438,374.688,1696.562,544.333,888.25,524,506.5,604.05,537.219,246.65,167.538,555.333,463.583,670.182,745.346,1207.5,3248,320.636,2244.75,1339.643,1400.727,829.35,421.962,1201.577,3725.539,569.6,359.45
303,1734.286,2339.667,983.688,738.938,336.562,1692,582.714,839,501.667,552.875,636.3,330.594,243.7,243.038,536,504.917,620.818,762.885,1322.312,3105.25,254.364,4095,1452.5,1173.818,1142.95,576.808,1080.654,2526.654,463,381.05
304,1803.143,2136.75,1182.75,793.938,419.688,1846.188,494.048,822.375,630.917,537.688,588.5,340.5,312.2,154.346,422.167,721.667,650.091,729.346,1315.812,2854.333,278.636,4095,1427.429,4020.545,2890.5,602.923,1104.346,811.615,457.5,364.3
305,1903.619,2468.75,1144.75,723.812,382.125,2072.875,528.952,852.5,628.667,610.5,658,307.031,353.5,143.615,550.167,599.167,689,736.231,1349.438,3257.833,274.182,3640.25,1669.143,4095,3440.45,486,1108.192,653.231,1017.35,573.6
306,1841.19,2207.917,3413.562,733,341.188,1844.5,514.952,744.062,586.25,620.938,528.9,332.938,1434.65,188.346,561.833,440.917,553.727,869.538,1300.125,3135.417,306.909,2022.438,1615.214,1606.818,2828.6,475.038,1051.423,553.731,470.25,1001.25
307,1825.714,2491.417,1371.25,662.438,556,1538.875,610.048,719.5,465.583,590.938,603.6,278.844,1260.9,203.769,615.5,616.917,652.273,640.808,1256.375,3224.333,284.727,1747.688,1524.357,1293.364,2052.15,438.923,1035.462,601.308,422.2,680.85
308,1921.524,2390.833,1289.188,629.312,1764.062,1728.812,495.524,774.188,587.583,686.125,654.85,304.656,929.2,203.385,457.75,532.167,621.727,678.731,1159.812,3481.5,313.818,1590.75,1506.357,1458.727,1071.05,413.269,1085.538,485.769,359.5,567.4
309,1739.619,2214.333,988.875,750.688,1578.625,1715.75,1460.286,780.75,593.333,439.812,610.4,304.812,321.95,181.038,676.417,609.25,697.727,737.115,1252.812,3454.5,328.364,1671.188,1470,1158.455,798.05,481.346,1154,552.423,413.9,413.3
310,1705.381,1852.417,1141.75,765.062,329.25,1406.438,1915.667,886.188,523.25,603.188,597.45,282.562,247.7,203.346,715.167,680.25,638,753.577,1157.062,3631.083,270.455,1743.75,1635.429,1388.727,737.75,459.308,1080.654,618.346,434.25,307.3
311,1670.619,2504.417,1199.812,913.062,296.562,1800.438,1654.952,807.562,539.667,655.125,654.65,299.969,284.3,192.231,707.333,527.25,595.273,771.385,1112.75,3589.25,214.091,1878.938,1722.214,1379.364,689.35,435.692,990.846,619.615,405.15,281
312,1916.667,2492.833,1287.5,790.5,312,1531.625,521.857,812.375,664.75,609.5,695.65,249.5,251.2,186,628,663.5,558.636,660.615,1095.312,3546.167,288.273,1931.938,1653,1386.364,743.95,517.231,1145.154,602.5,486,315.2
313,1675.905,2287.667,1229.562,695.75,271.5,1640.562,545.524,734.25,617.5,642.062,596.1,277.281,253.15,159.308,520.083,592.417,659.636,766.615,1202.375,3320.167,324.364,1663.562,1604.143,1487.545,711.8,453.538,1016.346,516.731,347.3,336.05
314,1679.048,2379.75,1069.188,706.438,304.625,1707.125,455.524,747.062,544.667,634.688,563.95,342.062,207.7,226.231,526.333,494,594.364,709.769,1395.438,3258.333,276.364,1921.688,1765.286,4095,607.35,413.615,1131.692,508.577,378.55,347.45
315,1704.571,2446.833,1198.062,690.688,313.125,1611.938,462.81,802.438,545.333,568.5,583,275.938,222.35,241.962,646,423.083,629,695.923,1273.062,3002.833,269.909,1617.5,1613.5,1745.727,620.95,442.846,1068.154,573,393.4,432.6
316,1816.476,2431.917,3537.688,629.875,318.438,3195.25,546.143,901.75,446.417,582.812,597.05,272.125,208.3,203.269,557.917,861,475.273,670.923,1200.312,3286.667,363,1807.312,1406.5,1425.455,582.15,377.577,972.115,503.654,425.85,347.65
317,1733.524,3044.833,1507.75,676.062,307.938,2710.812,478.286,673.688,557.417,618.938,650,253.781,218.3,181.269,1930.833,476.167,610.091,624.038,1216.5,3051.667,207.636,1795.75,1623.714,1370.182,731.45,412.154,1027,525.423,466.2,353.05
318,1778.857,4092.667,1160.75,580.5,346.25,2171.5,464.381,649.812,610.5,545.5,651.7,278.938,236.95,197,1285.5,432.583,680.273,719.154,1261.875,3079.917,359.545,1614.875,1507.571,2219.636,623.6,418.423,1157.269,610.038,996.45,361.5
319,1678.857,3702.083,1173.812,658,313.25,1559.938,506.19,722.438,713.667,515.75,682.9,288.656,231.25,173.615,532.917,576.917,679.455,732.154,1152.375,2727.333,396.545,2461.938,1456.5,3799.818,670.3,437.885,1038.231,544.462,640.7,375.45
320,1855.286,2355.583,1346.5,599.125,291.562,1585.562,492.19,726.125,534.417,574.062,600.4,253,246.15,205.923,418.833,612.417,616.636,858.308,1205.75,2816.583,542.636,4073.188,1151.286,1505.364,625.95,484.731,1110.654,2774.385,678.9,400.6
321,1780.714,2161.167,2641.688,608.875,243.938,1502.875,732.762,837,507.833,558.188,580.05,299.312,310.5,186.615,477.167,919.917,554.818,3462.269,1259,3065.25,1223,3837.188,1349.571,1341.727,704.9,445.577,1055.423,3174.539,356.75,355.25
322,1794.667,2214.75,2673.125,667.438,353.25,1799.625,2231.857,750.062,530.75,617.188,562.95,311.281,211.4,235.962,476.667,1305.833,689.636,3404.192,1115.062,3541.417,1194.455,2804.375,1265.5,1324.818,608.05,534.077,1005.154,1461.269,345.35,425.65
323,1711.143,2096.167,1232.375,773.5,279.75,1586.062,619.286,836,465.917,531.75,675.35,236.812,211.1,220.923,576.917,423,618.091,2707.577,1197.688,3508.833,348.636,1714.938,1319.357,1321.636,698.75,796.385,1054.846,647.731,430.95,358.5
324,1869,1858.25,1147.438,2028.875,317.938,1786.312,502,883.062,516.25,644.625,520.35,307.25,222.4,191.692,518.417,317.833,458.273,994.346,1208.312,3444.667,307.091,1681.625,1228,1448.909,593.8,1626.423,1022.769,520.885,607.7,294
325,1906.19,2205.417,1159.562,2394.25,254.812,1693.375,506.143,810.688,637.25,603.312,614.05,310.781,222.2,205.038,526.5,465.75,710.818,735.615,1294.25,3563.5,309.636,1730.25,1190,1567,684.65,438.577,1030.385,500.615,680,426.9
326,4095,2808.75,991.562,1313.25,340,1634.625,455.667,892.938,525.5,612.438,543.45,398.312,220.75,215.846,570,466.583,686.545,716.115,1126.125,4030.75,254,1638.188,1417.214,1545.364,705.35,397.269,1025.115,540.346,1138.2,289.95
327,4095,3643.333,1094.812,727.25,246.562,1592.312,585.238,780.25,624.167,2675,572.65,979,225.95,160.346,479.583,437.167,657.182,692.423,1153,4095,280.455,1723.062,1530.214,1361.727,542,389.154,946.269,550.923,518.75,287.75
328,3066.905,4095,985.438,657.312,356.938,1565.5,508.952,722.438,536,1339.812,694.9,994.594,271.8,165.077,529.333,399.917,671.818,647.769,1147.812,4095,205.545,1662.5,1880.786,1485.818,735,408.538,980.885,499.923,674.15,414.5
329,2162.095,3698.167,1292.25,689.812,323.75,1685.562,473.333,797.312,555.25,702.062,640.4,735.125,275.65,184.538,505.5,473.917,798.545,764.615,1329.75,4095,263.818,1772.812,1693.786,1369,802.1,461.346,964.423,557.077,646.2,720.3
330,1721.905,2693,1081.5,675.125,387,1521.562,430.571,760.562,449.833,591.562,592.95,572.156,262.4,194.615,837.5,1071.5,684.182,675.154,1186.25,4095,273.182,1586.875,1717.429,1316.091,2783.45,447.346,1056.808,629.231,511,1331.45
331,1815.286,2115.083,1230.312,687.812,337.75,1626.75,1133.095,717.25,464.583,671.375,553,366.5,264.45,171.923,989.917,1047.75,677.273,699.885,1224.062,4077.083,315.273,1828.25,1666.643,2493.909,3142.6,481.846,902.269,610.692,368.95,922.65
332,1717.952,2101.667,1109.5,708.625,350.438,1549.188,1569.905,646.938,491.833,580.875,585.9,289,310.75,196.654,1198.25,525.417,841.545,651.769,1184.75,3302.083,272.182,1675.625,1257.857,4024.545,2814.8,556.846,1031.808,534.962,413.9,544.55
333,1747.905,2059.667,1149,676.875,341.312,1717.125,855.095,718.688,658.25,500.75,693.8,242.906,259.2,189.962,488.417,467.25,1135.818,601.462,1158.562,2761.083,186.818,1660.625,1318.357,2600.909,1600.45,467.654,976,533.346,471.1,377.95
334,1701.952,1898.667,1087.438,664.438,307.25,1559.562,513.524,787,453.833,572.312,573.9,277.594,288,182.923,553.417,477.583,3235.818,686.115,1229.125,2709.75,200,1912.188,1258.714,1470.636,933.05,486.423,1102,519.577,490.5,399.25
335,1555.857,2020.833,1073.25,612.812,312.438,1612.125,456.476,790.625,516.333,469.312,525.65,252.156,271.25,164.692,451.833,468.583,2835.818,673.231,1021.688,2527.083,228.909,1671.062,1239.786,1286.636,775.85,469.346,1072.231,503.5,409.2,314.6
336,1642,2348.333,1233.188,658.938,341.438,1672.438,466,851,544.75,534.438,572.35,250.344,247.05,152.462,630.667,966.167,2084.818,671.346,1157.312,2490.667,182.091,1731.375,1257.929,1457.636,647,446.269,1200.462,582.462,414.95,281.7
337,1552.381,2692.667,1050.688,662.562,335.438,1494.75,450,686.312,597.667,550.062,653.55,275.094,271.3,194.846,447.75,906.083,1539.455,716.462,1326.688,2642.667,195.364,2005.5,1306.786,1179.636,574.4,407.038,2571.615,487.923,334,359.35
338,1760.571,2514.75,1192.312,606.938,375.812,1673.562,483.476,771.75,559.333,568.812,549.75,222.469,341.95,181.346,446.583,468.833,1053.545,608.731,1092.938,2827,247.455,1786,1133.429,1307.182,623.85,452.346,3870.5,535.885,422.7,318.5
339,1753.476,3282.417,1027.562,585.812,386.625,1477.75,414.952,768.312,578.583,626.312,676.45,244.438,1470.2,204.538,431.667,468.5,892.545,624.962,1117.438,2758.417,225.273,2177.812,1382.214,1577.636,522.45,660.346,3304.5,516.654,651.9,343.15
340,1731,2526.167,1155.438,723.812,422.25,3788.812,385.238,781.938,537.25,536.312,546.9,250.188,1412.55,172.538,500,388.667,782,819.846,1332.562,2747.417,304.091,2242.625,1343.286,1526.455,678.1,1357.962,2712.231,486.692,1359.85,376.35
341,1665,2336.25,1067.625,599.688,375.062,1862.312,505.81,717.938,582,602.812,547.5,235.125,808,128.462,534.083,388.583,678,699.962,1214.25,2616.167,233.636,3785.125,1097.071,1296.636,624.25,1096.808,1960.077,523.462,1082,395.2
342,1764.667,2153.917,1181.625,586.062,255.25,1708,541.476,706.312,513.75,595,594.5,248.656,309.4,211.692,428.25,414.333,732.909,741.192,4095,2835.75,348.455,4084,1306.286,1362.636,607.95,730.808,1498.808,513.231,793.5,362.05
343,1676.667,2120.833,1115,592.375,300.438,2448.312,464.333,753.5,423.833,533.5,660.7,244.188,282.75,241.192,552.083,402.917,527.545,741.115,4095,2823.333,166.727,4023.688,1296.143,1420.545,627.45,656.923,1118.769,478.769,901.25,276.95
344,1612.667,2635,1345.812,611.312,359,1998.625,2066.572,750.312,692.667,668,564,261.875,275.85,159.769,692.833,427.083,513.455,729.808,4095,2827.083,260.364,1993.938,1445.5,4095,651.05,585.654,1089.423,520.654,806.2,358.5
345,1790.19,3960.667,1090.625,627,300.188,1771.812,1145.286,833.812,563.75,579.938,687.85,270.094,217.3,303.538,415.083,405.833,693.545,685.5,4070.938,2570,338.636,1772,1299.643,1757.636,671.1,453.308,921.615,480.308,643.4,296.6
346,1799.19,4095,1232.938,596.562,310.625,1558.938,483.143,761.938,533.75,585.688,2665.25,246.406,246.3,287.5,588.417,430.917,647.818,746.692,1969.188,2764.667,264.091,1738.125,1100.214,1661.455,683.2,406.308,962.5,616.808,514.25,390.1
347,1569.81,3134.583,1171.875,672.938,255.188,3489.25,473.714,743.75,582.583,523.438,3040.2,263.625,199.95,300.731,593.083,385.833,518.273,698.538,1305.625,3114,338.273,1650,1224.214,1366.636,811.6,401,966.346,601.885,408.4,363.25
348,1657.095,2406.917,1598.5,686.375,317.562,1908.688,465.524,773.375,555.5,589.312,2660.3,304.938,216.25,468.077,585.083,345.167,539.636,649.115,1285.625,2769.083,230.091,1574.062,1076.357,1406.545,664.6,490.038,939.808,530.692,312.95,379.05
349,1635.857,2475.833,2368.25,717.812,352.062,1859.312,414.762,944.125,493.5,651.75,974.4,271.719,279.1,356.769,639.083,295.25,569.636,748.231,1255,2767.167,267.909,1619.875,1224.071,1389.455,782.3,743.615,1007.923,584.962,456,392.85
350,1755.19,2234.833,1282.688,648.625,352.5,1644.5,429.238,888.5,495.417,505.625,597.7,221.75,184.55,395.808,748.333,406.833,528.182,786.423,1274.5,2675.417,243.455,1746.312,1021.071,1547.364,811.95,1283.577,983.731,495.346,417.65,379.95
351,1687.095,2165.083,1283.625,680.375,391.188,1770.438,492.81,2109.562,491.833,555.25,504.9,281.594,242.4,274.885,1042.25,408.667,642.455,679.385,1282.688,2689.667,277.364,1695.812,1271.929,3331.545,595.8,447.692,970.808,512.346,347.15,473.25
352,1677.667,1973.083,1019,628.062,378.75,1979.875,567.619,3579.438,505.667,588.25,592.55,283.156,220.25,182.654,1621.917,435.833,513.364,700.115,1229.188,3009.583,744.818,1705.688,1343.571,4084.818,741.15,461.615,1060.5,538.385,463.25,581.95
353,1641.048,2228.5,1342.562,604.062,444.062,2124.938,491.238,2353.562,2962.833,528.188,544.2,279.688,258.7,216.577,1199.583,517.25,613.091,588.346,1125.188,2849.083,1299.545,1490,1411.5,1670.545,672.5,403.115,934.077,613.846,505.6,1579
354,1689.667,2425.917,1187.562,647.625,321.688,1727.562,427.952,1902.312,2535.25,526.25,637.8,242.375,264.15,238.846,532.333,465.5,669.727,715.462,1139,3213.833,1082,1591.375,1439.571,1617.909,700.65,422.962,996.115,575.346,1337.95,1807.65
355,1641.095,2616.5,1243.438,566.25,336.375,1712.5,581.762,1766.938,1328,580.562,523.3,230.438,271.4,218.385,515.167,536.333,526.636,742.462,1173,2985.5,479.818,1843,1546.143,1557.182,795.25,433.115,1171.923,575,1245.55,1141.2
356,1667.857,3994.583,1224.375,730.812,356.688,1679.125,497.619,1951.375,441.583,672.75,617.55,334.875,232.85,174.846,490.417,544.583,625.455,713.115,1051.625,3081.75,309.727,1802.375,1344.857,1268.818,922.55,363.077,1030.192,616.308,1489.95,499.5
357,1733.571,3821.083,1177.812,603.938,318.312,1701.875,2283.333,2173.5,541,573.75,541.1,262.688,354.6,225.538,522.5,571.167,505.727,677.538,1043,2895.5,240.909,2731.5,1650.643,1482,2688.2,428.808,998.038,568.769,1073,360.4
358,1594.095,3439,1191.125,641.562,309.625,2129.5,978.81,2078.625,498.75,644,630.55,196.938,247.2,238.385,557.417,1413.917,594.455,733.615,1161,3119.917,259.545,3995,1594.857,1414.545,3334.7,478.654,1034.231,740.077,789.8,327.4
359,1819.048,2709.833,1149.562,783.312,320.688,1993.125,494.857,1797.062,578.5,590.25,609.9,275.844,225.4,231.808,416.917,634.25,523,727,1160.812,3118.667,204.909,2363.938,1597.643,1696.727,2666.3,474.154,1011.423,3794.269,401.85,340.1
360,1665.048,2123.083,1231.625,684.562,294.688,1804.062,570.238,1616.188,461.25,608.5,621.9,258.938,207.15,259.923,385,434,605.545,707.962,1329.375,3158.833,225.818,1775.5,1456.786,4095,1196.6,485.808,1026.692,2343.346,341.75,318.65
361,1662.857,2038.917,1246.938,647.875,298.5,2145.938,500.19,1450.25,447.583,607.125,687.55,219.906,229.55,208.962,529.333,507.833,496.364,743.154,1168.75,2893.583,189.545,1723.562,1180.214,1614.273,1047.1,399.231,1036.038,623,328.65,357.1
362,1627.381,2108.25,1089.688,591.125,359.312,3132.375,409.048,1519.938,484.917,622,644.4,244.344,210.65,299.115,519.5,595.417,658.909,681.346,1163.062,2719.417,266.636,1507.375,1248.643,1407.182,740.5,388.077,962.654,560.692,463.65,262.1
363,1684.476,2188.417,1021.5,626.312,332.875,1929.375,452.762,1242.062,511.583,602.5,689.75,259.406,194.6,201.077,467.417,422,585.273,723.577,994.188,2820.917,285.909,1770.938,1191.214,1252.727,714.55,572.923,992.231,563.385,446.35,282.05
364,1604.143,1843.5,1160.875,627.25,298.188,1735.375,584.952,1414.875,466.75,607.812,657.5,225.469,339.8,197.385,519.25,498.583,517.545,659.423,1162.125,2947,253.455,1703.25,1304.571,1394.455,678.45,500.269,1060.962,493.692,492,373.1
365,1590.81,2251.25,1165.75,662.5,271.5,1985.938,456.095,1356.625,598.667,591.438,600.35,270.469,281.6,206.269,544.5,444.5,596.727,703.885,1099.562,3249,190.182,1767.25,1335.357,1413.455,726.75,467.577,1102.308,531.615,402.35,332.55
366,1650.333,2089.917,988.812,651.875,263.125,3150.125,413.333,1411.75,410.417,648.312,525.85,278.156,252.45,192.692,557.417,785.5,685.182,705.308,1128.688,2775,243.636,1865.938,1276.714,1508,698.35,498,1086.692,630.115,399.45,413.05
367,1606.476,2139.583,2505.125,752.562,275.875,2634.062,496.238,1056.875,514,672.812,639.3,222.25,254.2,199.731,538.667,672.333,594.091,719.885,1217.688,2747,313.273,1839.5,1356.643,1390.545,599.35,547.846,1066.5,628.269,365,320.95
368,1605.905,2107.333,1429,758.688,342.188,1871.312,510.143,1049.812,532,602.125,636.65,253.719,258.45,205.885,460.75,370.833,592.182,647.538,1151.5,3002.25,226.455,1854.562,1425.5,1516.273,650.75,1305.962,1019.5,483.769,386.4,306.55
369,1716.952,1904.083,1371.375,699.375,372.812,1859.5,462.524,1044.812,593.417,590.25,592.4,283.938,270.45,114.269,639.583,440.833,663.545,710.692,1324,2948.083,249.091,1755.375,1418,1570.455,727.95,553.154,1079.808,532.462,416.65,343.35
370,1538.524,2057,3643.812,682,386.188,1658.312,501.429,1166.562,469,608.75,685.75,293.625,229.6,192.077,519.25,472.5,592,721.923,1087.438,3058.75,228.545,1824.375,1253,1435.455,692.7,700.962,979.5,583.962,555.65,302.4
371,1612.619,2112.667,1557.938,707.938,354.812,1701,507.714,875.188,562.25,564.75,522.75,283.125,269.25,182.423,1673.25,355.417,648.818,799.846,1166.438,3225.167,246.909,1637.875,1357.786,1347.636,654.9,1427.038,1060.769,500.462,1272.85,355.8
372,1803.619,2300.25,1253.188,587.812,314.5,1736.625,2321.381,897.625,548.667,630.688,563.4,233.5,246.7,204.231,1424.75,1137.333,603.455,884.808,1477.875,4031.333,236.364,2131.375,1191.143,1372.273,688.25,850.269,1218,597.692,1469.4,436.2
373,1796.048,2724.583,1228.125,626.75,302.188,1796.25,570.429,714.062,430.25,640.875,605.5,248.281,289.65,221.846,681.667,1130.75,502.909,694.077,3835.625,4095,253.818,4030.312,1349.786,1384.545,717.85,503.692,1015.885,544.5,1027.6,460.15
374,1670.238,3265.417,1162.875,634.75,370.812,1346.188,460.476,839.188,407.917,765.062,677.4,224.719,341.55,169.154,560.25,579.083,601.727,699.038,4095,4095,364.273,4041.062,1345.357,1263.818,643.25,438.5,997.692,594.577,571.45,417.15
375,1730.333,2778.167,1123.438,574.812,371.875,1863.938,438.524,752.875,468.583,537.938,599.1,224.656,336.65,904.962,583.083,512.167,625.182,674.731,4095,4095,582.364,2809.125,1532,2735.182,617.45,483.385,994.308,627.962,383,898.5
376,1834.19,2431.5,1115.188,605.5,383.062,2011.188,564.952,832.375,597.667,563.312,598.75,304.656,357.35,1114,517.417,366.167,726.455,670.923,4095,4095,1302.364,1940,1251.857,3987.636,655.35,409.269,1053.654,2298.885,372.75,497.7
377,1635.476,2491,1217.188,679.562,392.375,2700.875,478.333,697.375,475.667,618.5,553.7,268.281,358,998.308,512.5,373.917,622.182,775.885,3207.938,4037.333,1554.636,1866.125,1322.571,1545,607.4,484.385,1087.577,3825.192,353.3,747.25
378,1837.714,2080.667,1071.188,545.375,353.188,1926.5,516.143,705.75,442.083,608.375,649.6,222.375,380.15,467.923,514.417,426.917,617.818,704.846,1440.938,3206.917,860.364,1627,1160.214,1186.273,741.65,407.538,1058.115,1921.038,396.2,569.35
379,4093.286,1959.917,1036.625,553.25,295.938,2354.188,435.429,683.188,478.583,628.562,493.9,229.906,1308.55,299.538,583.583,335.917,716.818,686.346,1147.25,3158.583,272,1604.688,1303.429,1168.636,690.4,385.731,1058.808,817.269,353.1,449.95
380,4095,2086,1008.562,639.938,368.25,2415.625,459.952,672.875,570.083,661.125,670.65,228.031,1457,182.038,620.75,579,517.727,778.962,1188.375,3043.583,185.273,1718.312,1259.071,1318.727,698.75,455.577,1117.846,609.846,470.8,390.95
381,4095,2511.833,1048.938,734,324.562,2766.438,529.81,624.062,581.167,703.5,624.05,190.625,717.55,158.654,546.083,1026.5,540.091,644.692,1102.625,2715.583,150.909,1805.688,1265.5,1418,650.4,377.154,1123.423,534.5,398,356.2
382,2068.905,1921.833,1099.625,669.562,375.188,1991.875,564.762,684.812,559.833,617.375,673.5,217.531,268.2,185.923,515.25,1107.583,531,778.654,1306.25,2712.333,241.455,1994.125,1221.357,1209.545,725.35,429.308,1053.962,531.5,369.8,286.2
383,1762.476,1899.667,1035.062,596.812,303.062,1559.688,483,675.438,506.75,573.812,744.65,242.719,307.3,185.923,497.917,463.167,634.545,648.846,1148.938,2820.417,301.091,4095,1191,1318.273,763.8,387.885,1116.385,533.577,431.05,410.05
384,1649.952,2136.583,1246.562,696.812,309,1633.562,483.905,733.062,567.167,535.125,622,278.719,227.2,165.115,592.083,319.667,633.818,760.846,1171.812,2647.917,227.273,4086.312,1138,1561.727,767.7,384.577,1083.231,465.692,476.25,1419.2
385,1684.333,2209.75,1374,575.562,356.812,1994.375,478.19,761.062,442.083,633.875,638.25,234,217.3,151.385,423.917,338.167,713,947.962,1173.062,2798.833,207,2880.938,1477.643,4095,817.85,989.962,1040.615,504.346,361,1705.65
386,1664.714,2204,1014.625,617.688,344.812,4053.125,437.333,793.312,529.417,569.125,596.75,239.344,204.2,201.769,837,322.417,619.545,3563.615,1181.25,2911.833,273.455,2161.75,1100.643,1685,3043.9,1388.769,1527.923,496.923,379,1593
387,1687.143,2056.417,1222.625,529.188,313.75,4018.312,497.048,740,499.75,566.5,587.4,214.969,261.85,178.654,1758.083,361.917,543.636,3484.039,1021.812,2798,224.182,1742.75,1149.714,1643.909,3791.9,1615.808,3777.885,551.885,570.85,632.9
388,1576.714,1985.25,1207.438,572.375,356.188,2032.312,536.048,716.688,643.5,513.625,657.7,262.438,233.65,179.038,675.083,394.083,579,3128.615,1117.75,2737.5,218.182,1769.438,940.429,1181.091,3427.25,718.385,3479.154,689.154,1121.4,432.7
389,1426.476,2124.917,1144.125,562.312,309.125,1816.812,424.095,727.75,343,537.562,645.2,212.875,180.75,185.308,474.25,589.417,658.909,2829.077,1161.312,2720.25,271.364,1743.75,1264.286,1532.727,2167.5,414.5,2758.539,522.769,528.75,388.95
390,1739.857,2053.333,1028.625,614.562,314.75,2110.75,2020.952,722.438,524.5,578.688,583.75,271.781,211.7,193.192,561.417,394.5,569.545,1143.731,1204.188,2625.25,288.636,1793.938,1230,1427,1175.5,424.423,1759.462,3474.115,419.35,458.25
391,1609.619,2278.5,1147.062,613.75,352.562,2436.312,1641.095,773.438,660.917,558,2635.65,277.25,217,181.846,475.417,411.75,532.091,826.269,1138.75,2715.417,242.545,1884.5,1242.5,1613.636,869.05,434.385,1451,3183.808,469.85,381
392,1794.81,2335.333,1077,606.188,345.188,2043.75,503.476,818.25,627.833,574.875,2766.35,261.156,290.4,188.385,514.583,401.417,592.909,813.808,1179.938,2673.917,251.545,1616.25,1294.143,1307.909,648.2,427.038,1265.077,869.808,420.5,265
393,1542.048,2293.583,1072.25,683.125,344.938,2021.688,436.143,688.188,557.583,617.688,2629.45,245.219,206.75,161,452.167,523.333,595.364,757.385,1227.938,2858.417,201.727,1687.688,1399.214,1221.818,714.75,398.692,1191.692,579.462,438.1,353.65
394,1707.81,1893,1068.938,623.125,306.688,1993.188,501.905,728.312,507.583,522.125,959.35,210.938,187.1,177,513.833,417.583,627.636,735,1183.25,2728.833,262.364,1501.938,1096.071,1392.818,665,414.615,1044.731,601.269,525.7,335.15
395,1503.381,2180.667,1131.188,634.5,280.75,4072.312,453.714,776.938,409.917,621.5,674.3,199.344,272.3,158.808,551.667,481,630.545,692.231,1295.25,2884.917,249.545,1772.062,1177.071,1239.364,588.9,423.577,912.769,589.423,442.35,331.1
396,1648.476,1999.333,1191.375,689.312,334.812,2352.312,441.286,734.812,531.167,590.5,613.55,244.406,180.65,172.423,603,351.583,624,723.885,1178.812,2707.167,243.091,1663.062,992.5,1150.545,638.8,358.808,1025.538,537.038,1135.1,335.9
397,1570.952,2125.583,949.25,636.438,353.938,3224.875,449.952,749.125,477.667,565.938,541.85,270.156,259.5,182.5,431.417,297.333,562.909,664.654,1172.938,2851.583,193.636,1578.188,1080.643,1304.636,558.05,350.038,957.269,555.692,822.85,253.15
398,1559.524,1915.583,931.25,729.688,275.938,2044.812,455.143,807.188,461.083,573.875,611.65,276.656,232.45,184.885,467.333,410.75,557.909,651.654,1093.375,2622.417,297.455,1592,1346.929,4095,606.45,418.577,1064.385,618.385,711.65,385.3
399,1538.81,1920.917,1029.062,683.688,299.938,1818.062,437.286,640.375,490.917,651.062,579.7,237.438,285.65,218.231,508.667,538.917,668.636,663.654,1291.938,2729.667,238.091,1601.062,1200.786,1611.182,687.85,399.423,1043.577,606.769,909.1,345.75
400,4095,4079.75,4087.375,3158.188,1941.312,4090.625,1080.429,760.125,1098.75,2071.562,1131.55,1032.219,763.45,1056.808,2921.333,1800.667,2924,706.115,1142.625,2536.667,221.364,3906.938,1975.857,4095,3325.25,1014.731,1429.692,1477.692,610.95,907.1
401,3155.572,3708.833,3743.812,2281.562,325.125,4075.5,718.762,2909.062,769.917,918.25,1453,1246.656,308.3,230.462,1161,724.333,2365.273,958.538,2680.438,3720.833,1734.727,3130.188,1254.643,3123.545,1850.85,693.154,1775.192,688.846,521.3,566.4
402,2865.428,3865.5,3951.688,2802.125,336.062,4095,897.429,3828.25,907.583,973.75,1596.25,1894.344,302.95,342.038,1103,584.917,2368.455,1030.808,3161.125,3639.583,2440.455,3385.375,1177.357,3000.091,2358.6,792.654,1730.962,732.769,745,935.15
403,2773.286,4023.583,4000.562,2864.562,331.75,4047.438,882.238,4095,1000.75,911.062,1442.6,2074.969,365.8,367.5,746.25,679.417,2493.545,1243.231,3510.875,3758.167,2765.818,3144.562,1283.643,2871.727,3118.85,673.192,1694.615,733.231,749.85,1504.25
404,2396.619,3957.75,3939.25,3001.688,305.375,3993.188,798.952,4095,695.583,795.438,1365.75,2049.688,241.85,364.423,622.167,669.583,2472.636,991.192,3561.438,3680.25,2599.273,3158.312,1293.857,2437.545,3086.1,604.5,1643.654,733.769,676.05,1713.8
405,2161.667,3923.5,3864.5,2842.562,290.938,4014.312,621.857,4095,748.583,650.062,1182.35,1891.688,275.5,227.538,659,533.417,2460.273,1111.731,3461,3554.75,2750.273,2695.375,1009.286,1768.545,3119.75,602.077,1647.769,686.385,816.35,1822.95
406,1959.476,3770,3847.938,2971.438,309.812,4028.438,763.476,4095,658.833,744.375,1099.2,2003.844,174.3,269.923,643.333,536.333,2304,1493.154,3493.812,3617.333,2570.545,2870.188,1031.857,1872.909,3112.05,507.462,1429.692,755.308,894.05,1693.95
407,1612.381,3886.667,3876.938,2901.375,273.125,4021.5,697.476,4095,614.833,771.5,1331.9,2064.531,229.6,363.692,595.917,822.667,2222.091,1422.154,3576.875,3739.583,2665.182,2705.25,881.429,1701.727,3309.8,433.385,1589.115,694.154,872.25,1759.55
408,1500.952,3720.583,3458.688,2704,310.312,3982.375,584,4095,441.833,520.688,1028.05,1754.062,204.5,292.885,573.333,652.917,1858.364,1328.615,3509.188,3347.417,2151.909,2161,865.857,1253.727,3247.05,378.808,1350.808,606.654,836.15,1450.5
409,1307.571,3479.75,3189.688,3135.312,264.125,4029.438,526.429,4095,499.083,596.188,1103.25,1757.344,193.6,282.385,440.25,688.333,1789.909,1473.346,3571.25,3392,2099.091,2144.875,829.714,1212,3206.85,416.423,1318.962,646.769,832.7,1301.65
410,1122.667,3039.167,2947.188,3218.812,282.125,3978.375,528.476,4095,421.667,617.75,951.05,1522.344,243.35,284.885,428.833,631.583,2024.636,1529.808,3716.125,3463.417,1755.727,2028.125,954.143,957.273,3090.45,406.231,1302.115,651.423,815.6,1247.75
